id,title,url,status,bedrooms,floor_area,land_area,floors_count,guest_number,max_guest_number,sleep_arrange,stays_min,stays_max,min_price,extra_price,cancellation_policy,is_plus,is_instant,is_clean,is_new,features_count,success_books,rating,reviews,rating_accuracy,rating_communication,rating_cleanliness,rating_location,rating_checkin,rating_value,is_recently,is_bad_host,current_discount_percent,current_discount,pictures_count,vr_photo,video_url,host_id,host_name,host_gender,host_created_at,host_accept_rate,host_response_time,host_communication_rate,occupancy_30,occupancy_30_unavailable,occupancy_30_total,pool,jacuzzi,own,village,village_slug,features,properties,geo_lat,geo_lng,discounts
3198234,اجاره کلبه سوئدی نزدیک لفور - سیدکلا - ۲,https://www.jajiga.com/room/3198234,active,1,80,4000,0,2,4,"[{'space_id': 1, 'single': 0, 'double': 1, 'mattress': 0, 'sofa_bed': 0, 'etc': ''}, {'space_id': 0, 'single': 0, 'double': 0, 'mattress': 2, 'sofa_bed': 0, 'etc': ''}]",1,,1680000,900000,hard,False,False,False,False,19,10,4.2,13,4.5,4.1,4.1,4.5,4.5,3.8,False,False,0,,28,,,1618958,محمدرضا,male,2023-05-20,54,401,4.4,0,0,30,0,0,False,سیدکلا,seydkola,barbecue|bathroom|cooler|electricity|essentials|fireextingu|firstaidkit|furniture|heating|islamictoilet|janitor|kitchen|parking|refrigerator|stave|table|toilet|tv|water,جذاب|اقامتگاه خاص,36.3094,52.7921,"[{""percent"": 20, ""type"": ""duration"", ""min_nights"": 5}, {""percent"": 40, ""type"": ""duration"", ""min_nights"": 15}]"
3227770,خانه روستایی در بابلکنار - سیدکلا,https://www.jajiga.com/room/3227770,active,1,120,300,0,4,6,"[{'space_id': 1, 'single': 0, 'double': 1, 'mattress': 4, 'sofa_bed': 0, 'etc': ''}, {'space_id': 0, 'single': 0, 'double': 0, 'mattress': 0, 'sofa_bed': 0, 'etc': ''}]",1,,1800000,300000,middle,True,True,False,False,18,20,4.9,17,5,5,5,4.9,5,4.8,True,False,10,"{'percent': 10, 'type': 'period'}",31,,,2078258,محمد,male,2024-05-04,100,70,5,37,11,30,0,0,False,سیدکلا,seydkola,barbecue|bathroom|cooler|electricity|essentials|furniture|heating|islamictoilet|janitor|kitchen|parking|refrigerator|stave|table|toilet|tv|vacuumcleaner|water,حیاط دار|مهمان نواز,36.3174,52.7813,"[{""percent"": 10, ""type"": ""duration"", ""min_nights"": 3}, {""percent"": 20, ""type"": ""duration"", ""min_nights"": 7}]"
3262853,خانه مبله در بابلکنار - سیدکلا - طبقه دوم,https://www.jajiga.com/room/3262853,active,2,90,700,0,4,10,"[{'space_id': 1, 'single': 0, 'double': 1, 'mattress': 0, 'sofa_bed': 0, 'etc': ''}, {'space_id': 2, 'single': 0, 'double': 1, 'mattress': 0, 'sofa_bed': 0, 'etc': ''}, {'space_id': 0, 'single': 0, 'double': 0, 'mattress': 0, 'sofa_bed': 0, 'etc': ''}]",1,7,1800000,400000,middle,True,False,False,False,16,50,4.7,32,4.7,4.7,4.7,4.3,4.9,4.7,True,False,30,"{'percent': 30, 'type': 'today_discount'}",20,,,1807361,فائزه,female,2023-07-16,100,259,4.7,0,0,30,0,0,False,سیدکلا,seydkola,barbecue|bathroom|cooler|electricity|essentials|food|furniture|heating|islamictoilet|kitchen|parking|refrigerator|stave|table|tv|water,,36.3068,52.7911,"[{""percent"": 10, ""type"": ""duration"", ""min_nights"": 3}, {""percent"": 10, ""type"": ""duration"", ""min_nights"": 7}, {""percent"": 30, ""type"": ""today_discount""}, {""percent"": 10, ""type"": ""tomorrow_discount""}]"
3179336,کلبه سوئیسی با وان جکوزی در بابلکنار- سیدکلا,https://www.jajiga.com/room/3179336,active,1,68,200,0,4,5,"[{'space_id': 1, 'single': 0, 'double': 1, 'mattress': 2, 'sofa_bed': 0, 'etc': ''}, {'space_id': 0, 'single': 0, 'double': 0, 'mattress': 3, 'sofa_bed': 0, 'etc': ''}]",1,,1900000,400000,hard,True,True,False,False,19,300,4.8,175,4.9,4.9,4.5,4.7,5,4.9,True,False,0,,33,,,1618422,حسن,male,2022-12-05,96,47,4.9,50,15,30,0,1,False,سیدکلا,seydkola,barbecue|bathroom|cooler|electricity|essentials|fireextingu|foosball|furniture|heating|islamictoilet|jacuzzi|kitchen|parking|refrigerator|stave|toilet|tv|vacuumcleaner|water,جذاب|مهمان نواز,36.3152,52.7904,"[{""percent"": 5, ""type"": ""duration"", ""min_nights"": 3}, {""percent"": 30, ""type"": ""duration"", ""min_nights"": 10}]"
3181918,کلبه سوئیسی جکوزی دار نزدیک لفور - سیدکلا,https://www.jajiga.com/room/3181918,active,1,78,240,0,4,7,"[{'space_id': 1, 'single': 0, 'double': 1, 'mattress': 0, 'sofa_bed': 0, 'etc': ''}, {'space_id': 0, 'single': 0, 'double': 0, 'mattress': 2, 'sofa_bed': 0, 'etc': ''}]",1,,1900000,350000,hard,True,True,False,False,20,500,4.5,281,4.5,4.6,3.9,4.8,4.9,4.4,True,False,0,,31,,,1643170,عیسی,male,2023-01-19,92,155,4.6,67,20,30,0,1,False,سیدکلا,seydkola,barbecue|bathroom|cooler|electricity|essentials|fireextingu|furniture|heating|islamictoilet|jacuzzi|janitor|kitchen|parking|refrigerator|stave|table|toilet|tv|vacuumcleaner|water,خوش منظره|جذاب,36.3138,52.7896,"[{""percent"": 5, ""type"": ""duration"", ""min_nights"": 3}, {""percent"": 10, ""type"": ""duration"", ""min_nights"": 10}]"
3240445,کلبه سوئیسی با وان جکوزی در بابلکنار - سیدکلا,https://www.jajiga.com/room/3240445,active,1,100,300,0,3,5,"[{'space_id': 1, 'single': 0, 'double': 1, 'mattress': 2, 'sofa_bed': 0, 'etc': ''}, {'space_id': 0, 'single': 0, 'double': 0, 'mattress': 0, 'sofa_bed': 0, 'etc': ''}]",1,,1980000,200000,hard,True,True,False,False,22,50,4.7,32,4.9,4.8,4.6,4.7,4.9,4.7,True,False,0,,31,,,1725165,امیر,male,2024-08-26,96,55,4.8,53,16,30,0,1,False,سیدکلا,seydkola,barbecue|bathroom|cooler|electricity|essentials|fireextingu|firstaidkit|foosball|furniture|heating|islamictoilet|jacuzzi|janitor|kitchen|parking|refrigerator|safetycard|stave|toilet|tv|vacuumcleaner|water,حیاط دار|مهمان نواز,36.3163,52.791,"[{""percent"": 10, ""type"": ""duration"", ""min_nights"": 10}]"
3206573,کلبه چوبی دوبلکس نزدیک لفور - سیدکلا,https://www.jajiga.com/room/3206573,active,2,60,1500,0,3,6,"[{'space_id': 1, 'single': 0, 'double': 1, 'mattress': 0, 'sofa_bed': 0, 'etc': ''}, {'space_id': 2, 'single': 0, 'double': 1, 'mattress': 0, 'sofa_bed': 0, 'etc': ''}, {'space_id': 0, 'single': 0, 'double': 0, 'mattress': 2, 'sofa_bed': 0, 'etc': ''}]",1,,2000000,400000,hard,True,False,False,False,18,200,4.7,118,4.8,4.9,4.3,4.8,4.9,4.6,True,False,10,"{'percent': 10, 'type': 'today_discount'}",37,,,1449641,ابوالفضل,male,2022-06-12,95,221,4.9,10,3,30,0,0,False,سیدکلا,seydkola,barbecue|bathroom|cooler|electricity|essentials|fireextingu|furniture|heating|islamictoilet|janitor|kitchen|parking|refrigerator|stave|toilet|tv|vacuumcleaner|water,خوش منظره|جذاب|مهمان نواز,36.3107,52.7954,"[{""percent"": 10, ""type"": ""duration"", ""min_nights"": 10}, {""percent"": 10, ""type"": ""today_discount""}]"
3237859,کلبه سوئیسی در بابلکنار - سیدکلا,https://www.jajiga.com/room/3237859,active,2,80,300,0,4,8,"[{'space_id': 1, 'single': 0, 'double': 1, 'mattress': 1, 'sofa_bed': 0, 'etc': ''}, {'space_id': 2, 'single': 0, 'double': 1, 'mattress': 1, 'sofa_bed': 0, 'etc': ''}, {'space_id': 0, 'single': 0, 'double': 0, 'mattress': 0, 'sofa_bed': 0, 'etc': ''}]",1,,2000000,500000,hard,False,False,False,False,18,10,3.9,12,4.4,4.4,2.8,3.8,5,3.2,True,True,0,,34,,,2176828,حبیب,male,2024-07-14,74,214,4.4,23,7,30,0,0,False,سیدکلا,seydkola,bathroom|cooler|drawer|electricity|essentials|furniture|heating|islamictoilet|janitor|kitchen|parking|refrigerator|stave|table|toilet|tv|vacuumcleaner|water,لب آب|جذاب,36.3154,52.7969,"[{""percent"": 5, ""type"": ""duration"", ""min_nights"": 5}, {""percent"": 10, ""type"": ""duration"", ""min_nights"": 10}]"
3149749,سوئیت در سیدکلا بابلکنار - همکف,https://www.jajiga.com/room/3149749,active,0,40,6000,0,4,4,"[{'space_id': 0, 'single': 0, 'double': 2, 'mattress': 0, 'sofa_bed': 0, 'etc': ''}]",1,,2000000,0,middle,True,True,True,False,18,20,4.6,20,4.9,4.6,4.3,4.6,5,4.5,True,False,0,,24,,https://www.aparat.com/v/MgWZP,1197838,میراحسان,male,2019-12-09,98,94,4.5,0,0,30,0,0,False,سیدکلا,seydkola,barbecue|bathroom|cooler|electricity|essentials|fireextingu|firstaidkit|food|heating|islamictoilet|janitor|kitchen|parking|refrigerator|table|toilet|tv|water,خوش غذا|جذاب|خوش منظره,36.3134,52.7827,"[{""percent"": 10, ""type"": ""duration"", ""min_nights"": 3}, {""percent"": 20, ""type"": ""duration"", ""min_nights"": 20}]"
3230216,ویلا دوبلکس با جکوزی در بابلکنار - سیدکلا,https://www.jajiga.com/room/3230216,active,2,45,200,0,4,8,"[{'space_id': 1, 'single': 0, 'double': 1, 'mattress': 0, 'sofa_bed': 0, 'etc': ''}, {'space_id': 2, 'single': 0, 'double': 1, 'mattress': 4, 'sofa_bed': 0, 'etc': ''}, {'space_id': 0, 'single': 0, 'double': 2, 'mattress': 0, 'sofa_bed': 0, 'etc': ''}]",1,,2000000,500000,middle,False,False,False,False,18,0,3.3,2,4,4,2,2,5,2.5,False,False,0,,30,,,2096023,حسین,male,2024-05-04,15,122,4,0,0,30,0,1,False,سیدکلا,seydkola,barbecue|bathroom|cooler|electricity|essentials|furniture|heating|islamictoilet|jacuzzi|janitor|kitchen|parking|refrigerator|stave|table|tv|vacuumcleaner|water,,36.3106,52.8037,"[{""percent"": 5, ""type"": ""duration"", ""min_nights"": 3}, {""percent"": 10, ""type"": ""duration"", ""min_nights"": 10}]"
3232816,خانه روستایی در بابلکنار - سیدکلا,https://www.jajiga.com/room/3232816,active,2,120,300,0,4,10,"[{'space_id': 1, 'single': 0, 'double': 1, 'mattress': 1, 'sofa_bed': 0, 'etc': ''}, {'space_id': 2, 'single': 0, 'double': 0, 'mattress': 0, 'sofa_bed': 0, 'etc': ''}, {'space_id': 0, 'single': 0, 'double': 0, 'mattress': 0, 'sofa_bed': 0, 'etc': ''}]",1,,2000000,399000,middle,True,True,False,False,17,50,4.8,30,4.9,5,4.5,4.7,5,4.6,True,False,60,"{'percent': 60, 'type': 'period'}",34,,,2121106,محمدرضا,male,2024-08-29,95,276,5,13,4,30,0,0,False,سیدکلا,seydkola,barbecue|bathroom|cooler|electricity|essentials|food|furniture|heating|islamictoilet|kitchen|parking|refrigerator|stave|table|tv|vacuumcleaner|water,مهمان نواز,36.3065,52.7911,"[{""percent"": 10, ""type"": ""duration"", ""min_nights"": 3}, {""percent"": 10, ""type"": ""duration"", ""min_nights"": 10}, {""percent"": 10, ""type"": ""today_discount""}, {""percent"": 10, ""type"": ""tomorrow_discount""}]"
3201318,کلبه حیاط دار در بابلکنار - سیدکلا,https://www.jajiga.com/room/3201318,active,1,60,200,0,4,6,"[{'space_id': 1, 'single': 0, 'double': 1, 'mattress': 0, 'sofa_bed': 0, 'etc': ''}, {'space_id': 0, 'single': 0, 'double': 0, 'mattress': 2, 'sofa_bed': 0, 'etc': ''}]",1,10,2100000,500000,middle,True,True,False,False,18,200,4.8,168,4.8,4.7,4.8,4.8,4.8,4.7,True,False,10,"{'percent': 10, 'type': 'tomorrow_discount'}",29,,,1807361,فائزه,female,2023-07-16,100,259,4.7,20,6,30,0,0,False,سیدکلا,seydkola,barbecue|bathroom|cooler|drawer|electricity|essentials|food|furniture|heating|islamictoilet|janitor|kitchen|parking|refrigerator|stave|table|tv|water,خوش منظره|خوش غذا,36.3173,52.7808,"[{""percent"": 10, ""type"": ""duration"", ""min_nights"": 3}, {""percent"": 10, ""type"": ""duration"", ""min_nights"": 7}, {""percent"": 10, ""type"": ""tomorrow_discount""}]"
3195933,کلبه سوئیسی نزدیک لفور - سیدکلا,https://www.jajiga.com/room/3195933,active,1,65,4000,0,2,4,"[{'space_id': 1, 'single': 0, 'double': 1, 'mattress': 0, 'sofa_bed': 0, 'etc': ''}, {'space_id': 0, 'single': 0, 'double': 0, 'mattress': 2, 'sofa_bed': 0, 'etc': ''}]",1,,2200000,700000,hard,False,False,False,False,19,50,4.5,28,4.2,5,4.2,4.6,5,4,True,False,0,,22,,,1618958,محمدرضا,male,2023-05-20,54,401,4.4,0,0,30,0,0,False,سیدکلا,seydkola,barbecue|bathroom|cooler|electricity|essentials|fireextingu|firstaidkit|furniture|heating|islamictoilet|janitor|kitchen|parking|refrigerator|stave|table|toilet|tv|water,جذاب|خوش منظره,36.3095,52.7921,"[{""percent"": 20, ""type"": ""duration"", ""min_nights"": 6}, {""percent"": 30, ""type"": ""duration"", ""min_nights"": 30}]"
3179404,اجاره کلبه چوبی نزدیک لفور - سیدکلا,https://www.jajiga.com/room/3179404,active,1,65,4000,0,2,4,"[{'space_id': 1, 'single': 1, 'double': 1, 'mattress': 0, 'sofa_bed': 0, 'etc': ''}, {'space_id': 0, 'single': 0, 'double': 0, 'mattress': 1, 'sofa_bed': 0, 'etc': ''}]",1,,2200000,700000,hard,False,False,False,False,19,5,4.7,5,4.8,5,4.4,4.6,5,4.2,False,False,0,,23,,,1618958,محمدرضا,male,2023-05-20,54,401,4.4,0,0,30,0,0,False,سیدکلا,seydkola,barbecue|bathroom|cooler|electricity|essentials|fireextingu|firstaidkit|furniture|heating|islamictoilet|janitor|kitchen|parking|refrigerator|stave|table|toilet|tv|water,,36.3094,52.7921,"[{""percent"": 20, ""type"": ""duration"", ""min_nights"": 4}, {""percent"": 30, ""type"": ""duration"", ""min_nights"": 7}]"
3195220,اجاره کلبه سنتی نزدیک لفور - سیدکلا,https://www.jajiga.com/room/3195220,active,2,95,4000,0,4,6,"[{'space_id': 1, 'single': 0, 'double': 1, 'mattress': 0, 'sofa_bed': 0, 'etc': ''}, {'space_id': 2, 'single': 0, 'double': 1, 'mattress': 0, 'sofa_bed': 0, 'etc': ''}, {'space_id': 0, 'single': 0, 'double': 0, 'mattress': 2, 'sofa_bed': 0, 'etc': ''}]",1,,2200000,900000,hard,False,False,False,False,16,0,2.8,1,3,3,2,5,3,1,False,False,20,"{'percent': 20, 'type': 'today_discount'}",22,,,1618958,محمدرضا,male,2023-05-20,54,401,4.4,0,0,30,0,0,False,سیدکلا,seydkola,barbecue|bathroom|electricity|essentials|furniture|heating|islamictoilet|janitor|kitchen|parking|refrigerator|stave|table|toilet|tv|water,جذاب,36.3094,52.7921,"[{""percent"": 15, ""type"": ""duration"", ""min_nights"": 3}, {""percent"": 40, ""type"": ""duration"", ""min_nights"": 15}, {""percent"": 20, ""type"": ""today_discount""}, {""percent"": 20, ""type"": ""tomorrow_discount""}]"
3198301,اجاره کلبه سوئدی نزدیک لفور - سیدکلا,https://www.jajiga.com/room/3198301,active,1,80,4000,0,2,4,"[{'space_id': 1, 'single': 0, 'double': 1, 'mattress': 0, 'sofa_bed': 0, 'etc': ''}, {'space_id': 0, 'single': 0, 'double': 0, 'mattress': 2, 'sofa_bed': 0, 'etc': ''}]",1,,2200000,700000,hard,False,False,False,False,19,5,4.7,3,5,5,4.3,5,4.7,4.3,False,False,0,,27,,,1618958,محمدرضا,male,2023-05-20,54,401,4.4,0,0,30,0,0,False,سیدکلا,seydkola,barbecue|bathroom|cooler|electricity|essentials|fireextingu|firstaidkit|furniture|heating|islamictoilet|janitor|kitchen|parking|refrigerator|stave|table|toilet|tv|water,جذاب|اقامتگاه خاص,36.3096,52.7921,"[{""percent"": 15, ""type"": ""duration"", ""min_nights"": 5}, {""percent"": 30, ""type"": ""duration"", ""min_nights"": 15}]"
3190700,اجاره کلبه چوبی در بابلکنار - سیدکلا,https://www.jajiga.com/room/3190700,active,2,100,1500,0,4,6,"[{'space_id': 1, 'single': 0, 'double': 1, 'mattress': 0, 'sofa_bed': 0, 'etc': ''}, {'space_id': 2, 'single': 0, 'double': 1, 'mattress': 0, 'sofa_bed': 0, 'etc': ''}, {'space_id': 0, 'single': 0, 'double': 0, 'mattress': 3, 'sofa_bed': 0, 'etc': ''}]",1,,2490000,550000,middle,True,True,False,False,21,50,4.9,38,4.9,4.9,4.9,4.8,5,4.9,True,False,25,"{'percent': 25, 'type': 'today_discount'}",20,,,1707066,لیلا,female,2023-10-03,100,29,4.9,10,3,30,0,0,False,سیدکلا,seydkola,barbecue|bathroom|cooler|drawer|electricity|essentials|fireextingu|firstaidkit|furniture|heating|islamictoilet|janitor|kitchen|parking|refrigerator|stave|table|toilet|tv|vacuumcleaner|water,خوش منظره|جذاب|مهمان نواز,36.3149,52.7899,"[{""percent"": 25, ""type"": ""today_discount""}]"
3293951,کلبه سوئیسی در بابلکنار - سیدکلا,https://www.jajiga.com/room/3293951,active,1,40,100,0,4,6,"[{'space_id': 1, 'single': 0, 'double': 1, 'mattress': 0, 'sofa_bed': 0, 'etc': ''}, {'space_id': 0, 'single': 0, 'double': 0, 'mattress': 0, 'sofa_bed': 0, 'etc': ''}]",1,,2500000,500000,hard,True,True,False,False,19,20,4.9,19,5,4.9,5,4.8,5,4.9,True,False,0,,19,,,2995344,سیدمهدی,male,2026-03-22,90,187,4.9,0,0,30,0,0,False,سیدکلا,seydkola,barbecue|bathroom|cooler|electricity|essentials|fireextingu|furniture|heating|islamictoilet|janitor|kitchen|parking|refrigerator|stave|table|toilet|tv|vacuumcleaner|water,مهمان نواز,36.3093,52.7912,"[{""percent"": 10, ""type"": ""duration"", ""min_nights"": 3}, {""percent"": 20, ""type"": ""duration"", ""min_nights"": 10}]"
3149747,کلبه دوبلکس در سیدکلا بابلکنار,https://www.jajiga.com/room/3149747,active,1,56,6000,0,5,5,"[{'space_id': 1, 'single': 1, 'double': 1, 'mattress': 0, 'sofa_bed': 0, 'etc': ''}, {'space_id': 0, 'single': 0, 'double': 1, 'mattress': 0, 'sofa_bed': 0, 'etc': ''}]",1,,2500000,0,middle,False,True,True,False,18,50,4.5,28,4.5,4.4,4.6,4.6,4.9,4,True,False,0,,24,,https://www.aparat.com/v/MgWZP,1197838,میراحسان,male,2019-12-09,98,94,4.5,0,0,30,0,0,False,سیدکلا,seydkola,barbecue|bathroom|cooler|electricity|essentials|fireextingu|firstaidkit|food|heating|islamictoilet|janitor|kitchen|parking|refrigerator|table|toilet|tv|water,خوش غذا|خوش منظره,36.3136,52.783,"[{""percent"": 10, ""type"": ""duration"", ""min_nights"": 3}, {""percent"": 20, ""type"": ""duration"", ""min_nights"": 20}]"
3299045,ویلا با جکوزی در بابلکنار - سیدکلا,https://www.jajiga.com/room/3299045,active,2,100,300,0,4,10,"[{'space_id': 1, 'single': 0, 'double': 1, 'mattress': 0, 'sofa_bed': 0, 'etc': ''}, {'space_id': 2, 'single': 0, 'double': 1, 'mattress': 0, 'sofa_bed': 0, 'etc': ''}, {'space_id': 0, 'single': 0, 'double': 0, 'mattress': 6, 'sofa_bed': 0, 'etc': ''}]",1,,2500000,500000,middle,False,False,False,True,20,0,0,0,0,0,0,0,0,0,False,False,10,"{'percent': 10, 'type': 'first_book'}",15,,,2176828,حبیب,male,2024-07-14,74,214,4.4,13,4,30,0,1,False,سیدکلا,seydkola,barbecue|bathroom|drawer|electricity|essentials|food|furniture|heating|islamictoilet|jacuzzi|janitor|kitchen|parking|refrigerator|stave|table|toilet|tv|vacuumcleaner|water,,36.3154,52.7953,"[{""percent"": 10, ""type"": ""duration"", ""min_nights"": 5}, {""percent"": 10, ""type"": ""duration"", ""min_nights"": 10}, {""percent"": 10, ""type"": ""first_book""}]"
3190552,اجاره کلبه چوبی در سوادکوه - سیدکلا,https://www.jajiga.com/room/3190552,active,1,60,800,0,4,6,"[{'space_id': 1, 'single': 0, 'double': 1, 'mattress': 4, 'sofa_bed': 0, 'etc': ''}, {'space_id': 0, 'single': 0, 'double': 0, 'mattress': 0, 'sofa_bed': 0, 'etc': ''}]",1,,2500000,500000,middle,True,False,False,False,22,50,4.9,35,5,5,5,4.7,5,5,True,False,0,,24,,,1706081,صدیقه,male,2023-07-22,75,60,5,50,15,30,0,0,False,سیدکلا,seydkola,barbecue|bathroom|cooler|drawer|electricity|essentials|firstaidkit|furniture|hairdryer|heating|iron|islamictoilet|janitor|kitchen|microwave|parking|refrigerator|stave|table|toilet|tv|water,جذاب|مهمان نواز,36.3173,52.7811,[]
3225446,کلبه سوئیسی با جکوزی در بابلکنار - سیدکلا,https://www.jajiga.com/room/3225446,active,1,80,700,0,2,4,"[{'space_id': 1, 'single': 0, 'double': 1, 'mattress': 2, 'sofa_bed': 0, 'etc': ''}, {'space_id': 0, 'single': 0, 'double': 0, 'mattress': 0, 'sofa_bed': 0, 'etc': ''}]",1,,2700000,750000,middle,True,True,False,False,20,50,4.9,40,4.9,4.9,4.9,4.8,5,4.7,True,False,0,,14,,,1707066,لیلا,female,2023-10-03,100,29,4.9,37,11,30,0,1,False,سیدکلا,seydkola,bathroom|cooler|electricity|essentials|fireextingu|firstaidkit|furniture|heating|islamictoilet|jacuzzi|janitor|kitchen|parking|refrigerator|stave|table|toilet|tv|vacuumcleaner|water,مهمان نواز,36.3166,52.7903,[]
3297585,کلبه سوئیسی در بابلکنار - سیدکلا,https://www.jajiga.com/room/3297585,active,1,100,200,0,4,6,"[{'space_id': 1, 'single': 0, 'double': 1, 'mattress': 0, 'sofa_bed': 0, 'etc': ''}, {'space_id': 0, 'single': 0, 'double': 0, 'mattress': 4, 'sofa_bed': 0, 'etc': ''}]",1,,2750000,500000,middle,False,True,False,False,15,5,5,4,5,5,5,5,5,4.8,False,False,10,"{'percent': 10, 'type': 'period'}",24,,,3024941,محدثه,female,2026-04-08,86,581,5,0,0,30,0,0,True,سیدکلا,seydkola,barbecue|bathroom|cooler|electricity|essentials|furniture|heating|islamictoilet|kitchen|parking|refrigerator|stave|toilet|vacuumcleaner|water,,36.3066,52.7858,"[{""percent"": 10, ""type"": ""duration"", ""min_nights"": 6}, {""percent"": 20, ""type"": ""duration"", ""min_nights"": 15}]"
3294040,ویلا با چشم انداز زیبا در بابلکنار - سیدکلا,https://www.jajiga.com/room/3294040,active,1,100,200,0,3,15,"[{'space_id': 1, 'single': 0, 'double': 0, 'mattress': 2, 'sofa_bed': 0, 'etc': ''}, {'space_id': 0, 'single': 0, 'double': 0, 'mattress': 8, 'sofa_bed': 0, 'etc': ''}]",1,,3000000,500000,middle,True,True,True,False,22,10,4.9,13,4.9,5,4.8,5,5,4.9,True,False,40,"{'percent': 40, 'type': 'today_discount'}",27,,,2996075,محمدرضا,male,2026-03-23,95,16,5,0,0,30,0,0,False,سیدکلا,seydkola,barbecue|bathroom|cooler|drawer|electricity|essentials|firealarm|fireextingu|firstaidkit|furniture|hairdryer|heating|islamictoilet|janitor|kitchen|parking|refrigerator|safetycard|stave|tv|vacuumcleaner|water,خوش منظره|مهمان نواز|حیاط دار,36.3085,52.7949,"[{""percent"": 10, ""type"": ""duration"", ""min_nights"": 3}, {""percent"": 20, ""type"": ""duration"", ""min_nights"": 10}, {""percent"": 40, ""type"": ""today_discount""}, {""percent"": 40, ""type"": ""tomorrow_discount""}]"
3302232,ویلا دوبلکس در بابلکنار - سیدکلا,https://www.jajiga.com/room/3302232,active,1,150,300,0,7,7,"[{'space_id': 1, 'single': 0, 'double': 1, 'mattress': 0, 'sofa_bed': 0, 'etc': ''}, {'space_id': 0, 'single': 0, 'double': 0, 'mattress': 10, 'sofa_bed': 0, 'etc': ''}]",1,,3000000,250000,middle,False,False,False,False,20,0,4.9,3,5,5,5,4.3,5,5,False,False,0,,40,,,3089046,بهنام,male,2026-05-19,71,474,5,0,0,30,0,0,False,سیدکلا,seydkola,barbecue|bathroom|cooler|drawer|electricity|essentials|firstaidkit|furniture|heating|iron|islamictoilet|janitor|kitchen|parking|refrigerator|stave|table|tv|vacuumcleaner|water,,36.3099,52.7921,"[{""percent"": 10, ""type"": ""duration"", ""min_nights"": 3}, {""percent"": 10, ""type"": ""duration"", ""min_nights"": 10}]"
3206720,کلبه چوبی جکوزی دار در بابلکنار - سیدکلا,https://www.jajiga.com/room/3206720,active,2,75,1000,0,4,7,"[{'space_id': 1, 'single': 0, 'double': 1, 'mattress': 4, 'sofa_bed': 0, 'etc': ''}, {'space_id': 2, 'single': 0, 'double': 1, 'mattress': 0, 'sofa_bed': 0, 'etc': ''}, {'space_id': 0, 'single': 0, 'double': 0, 'mattress': 0, 'sofa_bed': 0, 'etc': ''}]",1,,4000000,550000,middle,True,False,False,False,22,10,4.7,10,4.7,4.3,4.7,5,5,4.3,True,False,0,,25,,,1890654,عاطفه,female,2023-09-20,94,444,4.3,33,10,30,0,1,False,سیدکلا,seydkola,barbecue|bathroom|cooler|drawer|electricity|essentials|fireextingu|firstaidkit|furniture|heating|islamictoilet|jacuzzi|janitor|kitchen|parking|refrigerator|stave|table|toilet|tv|vacuumcleaner|water,,36.3107,52.7948,"[{""percent"": 5, ""type"": ""duration"", ""min_nights"": 2}, {""percent"": 20, ""type"": ""duration"", ""min_nights"": 10}]"
3253520,اجاره کلبه سوئیسی در بابلکنار - سیدکلا,https://www.jajiga.com/room/3253520,active,2,80,200,0,4,8,"[{'space_id': 1, 'single': 0, 'double': 1, 'mattress': 1, 'sofa_bed': 0, 'etc': ''}, {'space_id': 2, 'single': 0, 'double': 1, 'mattress': 1, 'sofa_bed': 0, 'etc': ''}, {'space_id': 0, 'single': 0, 'double': 0, 'mattress': 0, 'sofa_bed': 0, 'etc': ''}]",1,,4000000,500000,middle,False,False,False,False,21,0,5,1,5,5,5,5,5,5,False,False,0,,20,,,1341919,کاظم,male,2023-02-25,70,142,4.9,7,2,30,0,1,False,سیدکلا,seydkola,barbecue|bathroom|cooler|electricity|essentials|fireextingu|firstaidkit|foosball|furniture|heating|islamictoilet|jacuzzi|kitchen|parking|refrigerator|stave|table|toilet|tv|vacuumcleaner|water,,36.3187,52.7805,"[{""percent"": 10, ""type"": ""duration"", ""min_nights"": 3}]"
3184142,اجاره خانه چوبی استخردار در سیدکلا بابلکنار,https://www.jajiga.com/room/3184142,active,1,60,100,0,4,6,"[{'space_id': 1, 'single': 0, 'double': 1, 'mattress': 0, 'sofa_bed': 0, 'etc': ''}, {'space_id': 0, 'single': 0, 'double': 0, 'mattress': 2, 'sofa_bed': 0, 'etc': ''}]",2,,4000000,400000,middle,True,False,False,False,17,20,4.7,20,5,4.8,4.6,4.8,4.4,4.6,True,False,0,,16,,,1341919,کاظم,male,2023-02-25,70,142,4.9,13,4,30,1,0,False,سیدکلا,seydkola,bathroom|cooler|electricity|essentials|fireextingu|firstaidkit|heating|islamictoilet|kitchen|parking|pool|refrigerator|safetycard|stave|tv|vacuumcleaner|water,مهمان نواز|استخر آب گرم|استخر سرپوشیده,36.3184,52.7811,"[{""percent"": 5, ""type"": ""duration"", ""min_nights"": 3}, {""percent"": 10, ""type"": ""duration"", ""min_nights"": 10}]"
3193646,اجاره ویلا در بابلکنار - سیدکلا,https://www.jajiga.com/room/3193646,active,1,84,150,0,3,6,"[{'space_id': 1, 'single': 0, 'double': 1, 'mattress': 3, 'sofa_bed': 0, 'etc': ''}, {'space_id': 0, 'single': 0, 'double': 1, 'mattress': 6, 'sofa_bed': 0, 'etc': ''}]",1,,4000000,350000,middle,False,False,False,False,23,10,5,8,5,5,5,5,5,5,False,False,0,,27,,,1672882,امیرحسین,male,2023-06-20,13,547,5,0,0,30,0,1,False,سیدکلا,seydkola,barbecue|bathroom|cooler|drawer|electricity|essentials|fireextingu|firstaidkit|furniture|hairdryer|heating|islamictoilet|jacuzzi|janitor|kitchen|parking|refrigerator|stave|table|toilet|tv|vacuumcleaner|water,,36.3116,52.7894,[]
3215808,کلبه سوئیسی جکوزی دار در بابلکنار - سید کلا,https://www.jajiga.com/room/3215808,active,2,130,300,0,4,6,"[{'space_id': 1, 'single': 0, 'double': 1, 'mattress': 0, 'sofa_bed': 0, 'etc': ''}, {'space_id': 2, 'single': 0, 'double': 1, 'mattress': 0, 'sofa_bed': 0, 'etc': ''}, {'space_id': 0, 'single': 0, 'double': 0, 'mattress': 5, 'sofa_bed': 0, 'etc': ''}]",1,,5000000,1000000,hard,True,True,False,False,22,20,4.6,22,4.5,4.2,4.8,4.8,4.7,4.3,True,False,0,,24,,,1996706,یوسفعلی,male,2024-01-27,69,240,4.2,17,5,30,0,1,False,سیدکلا,seydkola,barbecue|bathroom|cooler|drawer|electricity|essentials|fireextingu|firstaidkit|foosball|furniture|heating|islamictoilet|jacuzzi|kitchen|parking|refrigerator|safetycard|stave|toilet|tv|vacuumcleaner|water,,36.307,52.79,"[{""percent"": 5, ""type"": ""duration"", ""min_nights"": 3}, {""percent"": 10, ""type"": ""duration"", ""min_nights"": 10}]"
3178910,ویلا استخردار در بابلکنار - سیدکلا,https://www.jajiga.com/room/3178910,active,2,200,700,0,6,9,"[{'space_id': 1, 'single': 0, 'double': 1, 'mattress': 0, 'sofa_bed': 0, 'etc': ''}, {'space_id': 2, 'single': 0, 'double': 1, 'mattress': 0, 'sofa_bed': 0, 'etc': ''}, {'space_id': 0, 'single': 0, 'double': 0, 'mattress': 3, 'sofa_bed': 0, 'etc': ''}]",1,,6500000,700000,middle,True,True,False,False,21,50,4.9,39,5,5,4.9,5,5,4.8,True,False,0,,36,,,1613724,محمد,male,2022-11-07,100,242,5,20,6,30,1,0,False,سیدکلا,seydkola,barbecue|bathroom|cooler|electricity|essentials|fireextingu|firstaidkit|foosball|furniture|heating|islamictoilet|kitchen|parking|pool|refrigerator|stave|table|toilet|tv|vacuumcleaner|water,مهمان نواز|استخر آب گرم|استخر سرپوشیده,36.3126,52.783,"[{""percent"": 5, ""type"": ""duration"", ""min_nights"": 6}, {""percent"": 10, ""type"": ""duration"", ""min_nights"": 10}]"
3219516,ویلا دوبلکس استخردار در بابل- سیدکلا,https://www.jajiga.com/room/3219516,active,3,400,5000,0,6,8,"[{'space_id': 1, 'single': 0, 'double': 1, 'mattress': 1, 'sofa_bed': 0, 'etc': ''}, {'space_id': 2, 'single': 0, 'double': 1, 'mattress': 1, 'sofa_bed': 0, 'etc': ''}, {'space_id': 3, 'single': 0, 'double': 1, 'mattress': 2, 'sofa_bed': 0, 'etc': ''}, {'space_id': 0, 'single': 0, 'double': 0, 'mattress': 0, 'sofa_bed': 0, 'etc': ''}]",1,,8500000,1500000,middle,True,False,False,False,25,20,4.6,22,4.3,4.3,4.8,4.5,5,4.8,True,False,0,,33,,,1890654,عاطفه,female,2023-09-20,94,444,4.3,57,17,30,1,1,False,سیدکلا,seydkola,barbecue|bathroom|billiard|cooler|drawer|electricity|essentials|fireextingu|firstaidkit|furniture|heating|islamictoilet|jacuzzi|janitor|kitchen|microwave|parking|pool|refrigerator|stave|table|toilet|tv|vacuumcleaner|water,خوش منظره|استخر آب گرم|استخر سرپوشیده,36.3107,52.7948,"[{""percent"": 10, ""type"": ""duration"", ""min_nights"": 5}, {""percent"": 20, ""type"": ""duration"", ""min_nights"": 10}]"
3207306,اجاره کلبه سوئیسی در بابلکنار - شیردارکلا,https://www.jajiga.com/room/3207306,active,1,70,100,0,4,6,"[{'space_id': 1, 'single': 0, 'double': 1, 'mattress': 3, 'sofa_bed': 0, 'etc': ''}, {'space_id': 0, 'single': 0, 'double': 1, 'mattress': 0, 'sofa_bed': 0, 'etc': 'مبل تخت خواب شو'}]",1,,1300000,400000,middle,True,False,False,False,14,20,4.6,24,4.7,4.9,4.2,4.7,4.9,4.5,True,False,0,,12,,,1901563,ابوالحسن,male,2024-05-27,80,183,4.9,0,0,30,0,0,False,شیردارکلا,shirdarkola,barbecue|bathroom|cooler|electricity|essentials|heating|islamictoilet|janitor|kitchen|parking|refrigerator|stave|tv|water,مهمان نواز,36.3411,52.7715,"[{""percent"": 10, ""type"": ""duration"", ""min_nights"": 3}, {""percent"": 20, ""type"": ""duration"", ""min_nights"": 10}]"
3283346,خانه مبله در بابلکنار - شیردارکلا - ط ۲,https://www.jajiga.com/room/3283346,active,1,55,200,0,2,4,"[{'space_id': 1, 'single': 0, 'double': 1, 'mattress': 0, 'sofa_bed': 0, 'etc': ''}, {'space_id': 0, 'single': 0, 'double': 0, 'mattress': 2, 'sofa_bed': 0, 'etc': ''}]",1,,1500000,250000,hard,False,False,False,False,16,5,4.5,4,5,4.3,4,5,4.5,4.3,False,False,0,,16,,,2638639,احسان,male,2025-10-27,97,189,4.5,0,0,30,0,0,False,شیردارکلا,shirdarkola,barbecue|bathroom|cooler|electricity|essentials|furniture|heating|islamictoilet|janitor|kitchen|parking|refrigerator|stave|tv|vacuumcleaner|water,خوش منظره,36.3454,52.7596,"[{""percent"": 10, ""type"": ""duration"", ""min_nights"": 6}, {""percent"": 20, ""type"": ""duration"", ""min_nights"": 15}]"
3268545,اجاره خانه روستایی در بابلکنار - شیردارکلا,https://www.jajiga.com/room/3268545,active,1,80,400,0,4,6,"[{'space_id': 1, 'single': 0, 'double': 1, 'mattress': 4, 'sofa_bed': 0, 'etc': ''}, {'space_id': 0, 'single': 0, 'double': 0, 'mattress': 0, 'sofa_bed': 0, 'etc': ''}]",1,,1600000,200000,middle,False,False,False,False,17,5,3.8,4,4.3,4.5,2.8,4.3,4,3,False,True,0,,15,,,2548791,عماد,male,2025-06-08,73,54,4.3,0,0,30,0,0,False,شیردارکلا,shirdarkola,barbecue|bathroom|cooler|electricity|essentials|firstaidkit|furniture|heating|islamictoilet|kitchen|parking|refrigerator|stave|toilet|tv|vacuumcleaner|water,,36.3373,52.772,"[{""percent"": 10, ""type"": ""duration"", ""min_nights"": 3}, {""percent"": 20, ""type"": ""duration"", ""min_nights"": 10}]"
3248416,اجاره کلبه سوئیسی در بابلکنار - شیردارکلا,https://www.jajiga.com/room/3248416,active,1,70,250,0,2,5,"[{'space_id': 1, 'single': 0, 'double': 0, 'mattress': 4, 'sofa_bed': 0, 'etc': ''}, {'space_id': 0, 'single': 0, 'double': 0, 'mattress': 0, 'sofa_bed': 0, 'etc': ''}]",1,,1850000,350000,middle,False,False,False,False,18,10,4.3,6,4.2,4.6,3.8,4.6,4.8,3.8,True,False,0,,17,,,2336535,نیره,female,2025-04-13,37,206,4.6,0,0,30,0,0,False,شیردارکلا,shirdarkola,barbecue|bathroom|cooler|electricity|essentials|fireextingu|firstaidkit|furniture|heating|islamictoilet|janitor|kitchen|parking|refrigerator|stave|tv|vacuumcleaner|water,,36.3393,52.7742,"[{""percent"": 10, ""type"": ""duration"", ""min_nights"": 3}, {""percent"": 20, ""type"": ""duration"", ""min_nights"": 10}]"
3258434,اجاره کلبه سوئیسی در بابلکنار - شیردارکلا,https://www.jajiga.com/room/3258434,active,1,60,200,0,4,6,"[{'space_id': 1, 'single': 0, 'double': 1, 'mattress': 0, 'sofa_bed': 0, 'etc': ''}, {'space_id': 0, 'single': 0, 'double': 1, 'mattress': 2, 'sofa_bed': 0, 'etc': ''}]",1,,2000000,400000,middle,True,False,False,False,19,50,4.7,35,4.8,4.8,4.6,4.5,4.8,4.7,True,False,0,,22,,,1811542,محمدرضا,male,2025-05-15,95,106,4.9,7,2,30,0,0,False,شیردارکلا,shirdarkola,barbecue|bathroom|cooler|electricity|essentials|firstaidkit|furniture|heating|islamictoilet|janitor|kitchen|parking|refrigerator|stave|table|toilet|tv|vacuumcleaner|water,مهمان نواز,36.3352,52.7665,"[{""percent"": 10, ""type"": ""duration"", ""min_nights"": 5}, {""percent"": 20, ""type"": ""duration"", ""min_nights"": 7}]"
3190268,کلبه چوبی در بابلکنار - شیردارکلا - ط بالا,https://www.jajiga.com/room/3190268,active,1,55,500,0,3,6,"[{'space_id': 1, 'single': 0, 'double': 1, 'mattress': 1, 'sofa_bed': 0, 'etc': ''}, {'space_id': 0, 'single': 0, 'double': 0, 'mattress': 3, 'sofa_bed': 0, 'etc': ''}]",1,,2000000,400000,hard,False,False,False,False,18,20,4.8,24,5,5,4.8,4.6,5,4.6,True,False,0,,19,,,1214903,میلاد,male,2020-06-15,43,116,5,0,0,30,0,0,False,شیردارکلا,shirdarkola,barbecue|bathroom|cooler|drawer|electricity|essentials|fireextingu|furniture|heating|islamictoilet|kitchen|parking|refrigerator|stave|table|tv|vacuumcleaner|water,,36.3402,52.7767,"[{""percent"": 10, ""type"": ""duration"", ""min_nights"": 2}, {""percent"": 20, ""type"": ""duration"", ""min_nights"": 10}]"
3187135,ویلا در بابلکنار - شیردارکلا,https://www.jajiga.com/room/3187135,active,2,130,1000,0,5,8,"[{'space_id': 1, 'single': 0, 'double': 1, 'mattress': 0, 'sofa_bed': 0, 'etc': ''}, {'space_id': 2, 'single': 0, 'double': 0, 'mattress': 0, 'sofa_bed': 0, 'etc': ''}, {'space_id': 0, 'single': 0, 'double': 0, 'mattress': 6, 'sofa_bed': 0, 'etc': ''}]",1,,2000000,300000,middle,True,False,False,False,20,20,4.7,18,4.5,4.9,4.2,4.7,5,4.5,True,False,0,,19,,,1688970,پیمان,male,2023-09-03,95,454,4.9,7,2,30,0,0,False,شیردارکلا,shirdarkola,barbecue|bathroom|cooler|drawer|electricity|essentials|furniture|heating|iron|islamictoilet|kitchen|parking|refrigerator|stave|table|toilet|tv|vacuumcleaner|washer|water,خوش منظره|مهمان نواز,36.3389,52.7731,"[{""percent"": 20, ""type"": ""duration"", ""min_nights"": 4}, {""percent"": 30, ""type"": ""duration"", ""min_nights"": 7}]"
3258654,کلبه چوبی در بابلکنار - شیردارکلا,https://www.jajiga.com/room/3258654,active,1,100,250,0,5,8,"[{'space_id': 1, 'single': 0, 'double': 2, 'mattress': 0, 'sofa_bed': 0, 'etc': ''}, {'space_id': 0, 'single': 0, 'double': 0, 'mattress': 5, 'sofa_bed': 0, 'etc': ''}]",1,,2300000,400000,middle,False,False,False,False,19,5,4.8,5,4.8,5,4.8,4.8,5,4.6,True,False,0,,23,,,2432163,رضا,male,2025-11-15,33,359,5,0,0,30,0,0,False,شیردارکلا,shirdarkola,barbecue|bathroom|cooler|electricity|essentials|fireextingu|firstaidkit|furniture|heating|islamictoilet|janitor|kitchen|parking|refrigerator|stave|table|tv|vacuumcleaner|water,خوش منظره,36.3404,52.7754,"[{""percent"": 10, ""type"": ""duration"", ""min_nights"": 3}, {""percent"": 30, ""type"": ""duration"", ""min_nights"": 10}]"
3267118,کلبه سوئیسی جکوزی دار در بابلکنار - شیردارکلا,https://www.jajiga.com/room/3267118,active,2,80,200,0,4,6,"[{'space_id': 1, 'single': 0, 'double': 1, 'mattress': 0, 'sofa_bed': 0, 'etc': ''}, {'space_id': 2, 'single': 0, 'double': 1, 'mattress': 0, 'sofa_bed': 0, 'etc': ''}, {'space_id': 0, 'single': 0, 'double': 0, 'mattress': 2, 'sofa_bed': 0, 'etc': ''}]",1,,2500000,500000,middle,True,False,False,False,17,20,4.5,19,4.4,4.8,4.4,4.4,4.6,4.6,True,False,0,,13,,,2525007,امیرحسین,male,2025-05-24,85,237,4.8,27,8,30,0,1,False,شیردارکلا,shirdarkola,barbecue|bathroom|cooler|electricity|essentials|furniture|heating|islamictoilet|jacuzzi|janitor|kitchen|parking|refrigerator|stave|tv|vacuumcleaner|water,مهمان نواز,36.3296,52.788,"[{""percent"": 10, ""type"": ""duration"", ""min_nights"": 10}]"
3276226,اجاره خانه تراس دار در بابلکنار - شیردارکلا - ط ۳,https://www.jajiga.com/room/3276226,active,1,120,300,0,4,6,"[{'space_id': 1, 'single': 0, 'double': 1, 'mattress': 0, 'sofa_bed': 0, 'etc': ''}, {'space_id': 0, 'single': 0, 'double': 0, 'mattress': 2, 'sofa_bed': 0, 'etc': ''}]",1,,2800000,800000,hard,False,False,False,False,16,0,5,4,5,5,5,5,5,5,False,False,0,,29,,,2670973,مرتضی,male,2025-08-19,96,541,5,23,7,30,0,0,False,شیردارکلا,shirdarkola,barbecue|bathroom|cooler|drawer|electricity|essentials|furniture|heating|islamictoilet|kitchen|parking|refrigerator|stave|table|tv|water,خوش منظره,36.3378,52.7747,[]
3276228,خانه با تراس دلباز در بابلکنار - شیردارکلا - ط ۴,https://www.jajiga.com/room/3276228,active,1,90,300,0,4,4,"[{'space_id': 1, 'single': 0, 'double': 1, 'mattress': 0, 'sofa_bed': 0, 'etc': ''}, {'space_id': 0, 'single': 0, 'double': 0, 'mattress': 2, 'sofa_bed': 0, 'etc': ''}]",1,,2800000,500000,hard,True,False,False,False,17,10,5,10,5,5,5,5,5,5,True,False,0,,26,,,2670973,مرتضی,male,2025-08-19,96,541,5,13,4,30,0,0,False,شیردارکلا,shirdarkola,barbecue|bathroom|cooler|drawer|electricity|essentials|furniture|heating|islamictoilet|janitor|kitchen|parking|refrigerator|stave|table|tv|water,خوش منظره|مهمان نواز,36.3375,52.7746,[]
3279598,کلبه سوئیسی در بابلکنار - شیردارکلا,https://www.jajiga.com/room/3279598,active,1,110,400,0,4,6,"[{'space_id': 1, 'single': 0, 'double': 1, 'mattress': 0, 'sofa_bed': 0, 'etc': ''}, {'space_id': 0, 'single': 0, 'double': 1, 'mattress': 2, 'sofa_bed': 0, 'etc': ''}]",1,,2950000,400000,middle,True,False,False,False,19,20,4.7,15,4.7,4.7,4.7,4.5,4.9,4.5,True,False,0,,15,,,1811888,مجتبی,male,2025-09-22,81,148,4.7,7,2,30,0,0,False,شیردارکلا,shirdarkola,bathroom|cooler|electricity|essentials|fireextingu|firstaidkit|furniture|heating|islamictoilet|janitor|kitchen|parking|refrigerator|stave|table|toilet|tv|vacuumcleaner|water,,36.3396,52.7607,"[{""percent"": 10, ""type"": ""duration"", ""min_nights"": 3}]"
3199443,اجاره کلبه چوبی در بابلکنار - شیردارکلا,https://www.jajiga.com/room/3199443,active,1,75,150,0,4,6,"[{'space_id': 1, 'single': 0, 'double': 1, 'mattress': 0, 'sofa_bed': 0, 'etc': ''}, {'space_id': 0, 'single': 0, 'double': 0, 'mattress': 2, 'sofa_bed': 0, 'etc': ''}]",1,,2980000,100000,middle,False,False,False,False,22,0,5,1,5,5,5,5,5,5,False,False,0,,15,,,1786610,علی,male,2023-06-20,75,967,5,30,9,30,0,1,False,شیردارکلا,shirdarkola,barbecue|bathroom|cooler|drawer|electricity|essentials|fireextingu|foosball|furniture|heating|islamictoilet|jacuzzi|janitor|kitchen|parking|refrigerator|stave|table|toilet|tv|vacuumcleaner|water,جذاب,36.3386,52.7636,"[{""percent"": 10, ""type"": ""duration"", ""min_nights"": 3}, {""percent"": 20, ""type"": ""duration"", ""min_nights"": 10}]"
3209080,کلبه سوئیسی استخردار در بابلکنار - شیردارکلا,https://www.jajiga.com/room/3209080,active,1,70,200,0,4,4,"[{'space_id': 1, 'single': 2, 'double': 1, 'mattress': 0, 'sofa_bed': 0, 'etc': ''}, {'space_id': 0, 'single': 0, 'double': 0, 'mattress': 0, 'sofa_bed': 0, 'etc': ''}]",1,,3000000,300000,hard,False,False,False,False,16,10,4.3,9,4.5,5,3.7,4,4.8,3.8,True,False,0,,13,,,1924583,سعید,male,2023-10-16,57,327,5,7,2,30,1,0,False,شیردارکلا,shirdarkola,barbecue|bathroom|cooler|electricity|essentials|furniture|heating|islamictoilet|janitor|kitchen|parking|pool|refrigerator|stave|vacuumcleaner|water,جذاب|استخر آب گرم|استخر روباز,36.3386,52.7753,"[{""percent"": 5, ""type"": ""duration"", ""min_nights"": 3}, {""percent"": 10, ""type"": ""duration"", ""min_nights"": 10}]"
3305898,کلبه سوئیسی در بابلکنار - شیردارکلا,https://www.jajiga.com/room/3305898,active,1,75,1000,0,4,4,"[{'space_id': 1, 'single': 0, 'double': 1, 'mattress': 0, 'sofa_bed': 0, 'etc': ''}, {'space_id': 0, 'single': 0, 'double': 0, 'mattress': 2, 'sofa_bed': 0, 'etc': ''}]",1,,3000000,5000000,middle,False,False,False,False,16,0,0,0,0,0,0,0,0,0,False,False,0,,22,,,3128429,لیلا,female,2026-06-02,75,553,4.7,0,0,30,0,0,False,شیردارکلا,shirdarkola,barbecue|bathroom|cooler|electricity|essentials|firstaidkit|furniture|heating|islamictoilet|janitor|kitchen|refrigerator|stave|toilet|tv|water,,36.3403,52.7704,"[{""percent"": 10, ""type"": ""duration"", ""min_nights"": 3}, {""percent"": 10, ""type"": ""duration"", ""min_nights"": 10}]"
3276165,اجاره خانه مبله در بابلکنار - شیردارکلا - ط ۲,https://www.jajiga.com/room/3276165,active,2,120,300,0,4,6,"[{'space_id': 1, 'single': 0, 'double': 1, 'mattress': 0, 'sofa_bed': 0, 'etc': ''}, {'space_id': 2, 'single': 0, 'double': 0, 'mattress': 4, 'sofa_bed': 0, 'etc': ''}, {'space_id': 0, 'single': 0, 'double': 0, 'mattress': 0, 'sofa_bed': 0, 'etc': ''}]",1,,3000000,500000,hard,True,False,False,False,15,10,5,8,4.9,5,5,4.9,5,5,True,False,0,,40,,,2670973,مرتضی,male,2025-08-19,96,541,5,3,1,30,0,0,False,شیردارکلا,shirdarkola,bathroom|cooler|drawer|electricity|essentials|furniture|heating|islamictoilet|janitor|kitchen|parking|refrigerator|stave|tv|water,خوش منظره|مهمان نواز,36.3377,52.7741,[]
3286163,خانه ویلایی با جکوزی در بابلکنار - شیردارکلا,https://www.jajiga.com/room/3286163,active,1,40,500,0,2,4,"[{'space_id': 1, 'single': 0, 'double': 1, 'mattress': 0, 'sofa_bed': 0, 'etc': ''}, {'space_id': 0, 'single': 0, 'double': 0, 'mattress': 2, 'sofa_bed': 0, 'etc': ''}]",1,,3000000,200000,middle,False,False,False,False,17,5,4.6,5,4.8,5,3.8,5,5,4.2,True,False,0,,17,,,2087081,پریسا,female,2025-12-21,86,234,4.9,0,0,30,0,1,False,شیردارکلا,shirdarkola,barbecue|bathroom|cooler|electricity|essentials|furniture|heating|islamictoilet|jacuzzi|janitor|kitchen|parking|refrigerator|stave|tv|vacuumcleaner|water,,36.3362,52.7736,[]
3307484,خانه ویلایی در بابلکنار - شیردارکلا,https://www.jajiga.com/room/3307484,active,1,90,170,0,4,5,"[{'space_id': 1, 'single': 0, 'double': 1, 'mattress': 1, 'sofa_bed': 0, 'etc': ''}, {'space_id': 0, 'single': 0, 'double': 0, 'mattress': 2, 'sofa_bed': 0, 'etc': ''}]",1,,3000000,500000,middle,False,False,False,True,18,0,0,0,0,0,0,0,0,0,False,False,10,"{'percent': 10, 'type': 'first_book'}",11,,,3128429,لیلا,female,2026-06-02,75,553,4.7,0,0,30,0,0,False,شیردارکلا,shirdarkola,barbecue|bathroom|cooler|drawer|electricity|essentials|firstaidkit|furniture|heating|islamictoilet|janitor|kitchen|parking|refrigerator|stave|tv|vacuumcleaner|water,,36.3373,52.7652,"[{""percent"": 10, ""type"": ""duration"", ""min_nights"": 3}, {""percent"": 10, ""type"": ""duration"", ""min_nights"": 10}, {""percent"": 10, ""type"": ""first_book""}]"
3298750,کلبه سوئیسی جکوزی دار در بابلکنار - شیردارکلا,https://www.jajiga.com/room/3298750,active,1,70,200,0,4,6,"[{'space_id': 1, 'single': 0, 'double': 1, 'mattress': 0, 'sofa_bed': 0, 'etc': ''}, {'space_id': 0, 'single': 0, 'double': 0, 'mattress': 2, 'sofa_bed': 0, 'etc': ''}]",1,,3151000,500000,middle,False,False,False,False,19,5,4.9,2,4.5,5,5,5,5,5,False,False,0,,18,,,3032593,سپیده,female,2026-04-15,100,121,5,0,0,30,0,1,False,شیردارکلا,shirdarkola,barbecue|bathroom|cooler|drawer|electricity|essentials|fireextingu|firstaidkit|furniture|heating|islamictoilet|jacuzzi|kitchen|parking|refrigerator|stave|tv|vacuumcleaner|water,,36.3382,52.7739,"[{""percent"": 10, ""type"": ""duration"", ""min_nights"": 5}, {""percent"": 20, ""type"": ""duration"", ""min_nights"": 10}]"
3300314,خانه دوبلکس استخردار در بابلکنار - شیردارکلا,https://www.jajiga.com/room/3300314,active,2,60,1000,0,4,6,"[{'space_id': 1, 'single': 0, 'double': 1, 'mattress': 0, 'sofa_bed': 0, 'etc': ''}, {'space_id': 2, 'single': 0, 'double': 1, 'mattress': 0, 'sofa_bed': 0, 'etc': ''}, {'space_id': 0, 'single': 0, 'double': 0, 'mattress': 3, 'sofa_bed': 0, 'etc': ''}]",1,,3500000,200000,middle,False,False,False,False,18,10,4.4,6,4.5,4.7,3.7,4.7,5,4.2,True,False,0,,19,,,2087081,پریسا,female,2025-12-21,86,234,4.9,23,7,30,1,0,False,شیردارکلا,shirdarkola,barbecue|bathroom|cooler|electricity|essentials|furniture|heating|islamictoilet|janitor|kitchen|parking|pool|refrigerator|stave|toilet|tv|vacuumcleaner|water,استخر سرپوشیده,36.3362,52.7736,"[{""percent"": 10, ""type"": ""duration"", ""min_nights"": 6}, {""percent"": 10, ""type"": ""duration"", ""min_nights"": 10}]"
3264357,کلبه چوبی جکوزی دار در بابلکنار - شیردارکلا,https://www.jajiga.com/room/3264357,active,1,142,1500,0,4,6,"[{'space_id': 1, 'single': 0, 'double': 1, 'mattress': 2, 'sofa_bed': 0, 'etc': ''}, {'space_id': 0, 'single': 0, 'double': 0, 'mattress': 0, 'sofa_bed': 0, 'etc': ''}]",1,,3600000,800000,middle,True,False,False,False,20,20,4.8,26,4.8,4.9,4.5,4.8,4.9,4.7,True,False,10,"{'percent': 10, 'type': 'tomorrow_discount'}",28,,,2483093,وحید,male,2025-04-30,94,117,4.9,23,7,30,0,1,False,شیردارکلا,shirdarkola,barbecue|bathroom|cooler|electricity|essentials|fireextingu|firstaidkit|furniture|heating|islamictoilet|jacuzzi|kitchen|parking|refrigerator|stave|table|toilet|tv|vacuumcleaner|water,مهمان نواز,36.3389,52.7727,"[{""percent"": 10, ""type"": ""duration"", ""min_nights"": 15}, {""percent"": 10, ""type"": ""tomorrow_discount""}]"
3280978,کلبه با وان جکوزی در بابلکنار - شیردارکلا - ط۳,https://www.jajiga.com/room/3280978,active,2,85,600,0,4,8,"[{'space_id': 1, 'single': 0, 'double': 1, 'mattress': 0, 'sofa_bed': 0, 'etc': ''}, {'space_id': 2, 'single': 0, 'double': 1, 'mattress': 0, 'sofa_bed': 0, 'etc': ''}, {'space_id': 0, 'single': 0, 'double': 0, 'mattress': 4, 'sofa_bed': 0, 'etc': ''}]",1,,4000000,500000,hard,True,False,False,False,19,100,4.6,44,4.7,4.6,4.2,4.8,4.9,4.4,True,False,10,"{'percent': 10, 'type': 'period'}",16,,,2638639,احسان,male,2025-10-27,97,187,4.5,0,0,30,0,1,False,شیردارکلا,shirdarkola,barbecue|bathroom|cooler|electricity|essentials|fireextingu|furniture|heating|islamictoilet|jacuzzi|janitor|kitchen|parking|refrigerator|stave|table|tv|vacuumcleaner|water,خوش منظره|جذاب,36.3446,52.7604,"[{""percent"": 10, ""type"": ""duration"", ""min_nights"": 6}, {""percent"": 20, ""type"": ""duration"", ""min_nights"": 15}]"
3283844,کلبه سوئیسی با جکوزی در بابلکنار - شیردارکلا,https://www.jajiga.com/room/3283844,active,2,153,310,0,4,8,"[{'space_id': 1, 'single': 0, 'double': 1, 'mattress': 0, 'sofa_bed': 0, 'etc': ''}, {'space_id': 2, 'single': 0, 'double': 1, 'mattress': 0, 'sofa_bed': 0, 'etc': ''}, {'space_id': 0, 'single': 0, 'double': 0, 'mattress': 2, 'sofa_bed': 0, 'etc': ''}]",2,,4200000,500000,middle,False,False,False,False,21,0,3.9,4,3.3,4.5,3.3,4.5,4.8,3.3,False,True,0,,23,,,2692743,سپیده,female,2025-11-26,60,43,4.5,7,2,30,0,1,False,شیردارکلا,shirdarkola,barbecue|bathroom|cooler|drawer|electricity|essentials|fireextingu|firstaidkit|furniture|heating|islamictoilet|jacuzzi|kitchen|parking|refrigerator|stave|table|toilet|tv|vacuumcleaner|water,,36.3352,52.7701,"[{""percent"": 10, ""type"": ""duration"", ""min_nights"": 6}, {""percent"": 10, ""type"": ""duration"", ""min_nights"": 15}]"
3222812,کلبه چوبی استخردار در بابلکنار - شیردارکلا,https://www.jajiga.com/room/3222812,active,2,105,260,0,6,8,"[{'space_id': 1, 'single': 0, 'double': 1, 'mattress': 0, 'sofa_bed': 0, 'etc': ''}, {'space_id': 2, 'single': 0, 'double': 1, 'mattress': 0, 'sofa_bed': 0, 'etc': ''}, {'space_id': 0, 'single': 0, 'double': 0, 'mattress': 4, 'sofa_bed': 0, 'etc': ''}]",1,,4900000,400000,hard,False,False,False,False,19,20,4.9,25,5,5,4.8,5,5,4.8,True,False,0,,25,,,2047519,ضرغام,male,2024-04-06,63,222,5,30,9,30,1,0,False,شیردارکلا,shirdarkola,barbecue|bathroom|cooler|drawer|electricity|essentials|furniture|heating|islamictoilet|kitchen|parking|pool|refrigerator|stave|table|toilet|tv|vacuumcleaner|water,استخر آب گرم|استخر روباز,36.339,52.7709,"[{""percent"": 10, ""type"": ""duration"", ""min_nights"": 3}, {""percent"": 10, ""type"": ""duration"", ""min_nights"": 10}]"
3154396,کلبه چوبی جکوزی دار در بابلکنار,https://www.jajiga.com/room/3154396,active,0,70,1000,0,4,5,"[{'space_id': 0, 'single': 0, 'double': 2, 'mattress': 0, 'sofa_bed': 0, 'etc': ''}]",1,,4950000,600000,middle,True,False,False,False,20,20,4.7,29,4.8,4.8,4.5,4.6,5,4.4,False,False,0,,21,,,1186188,علیرضا,male,2019-10-06,100,144,5,0,0,30,0,1,False,شیردارکلا,shirdarkola,barbecue|bathroom|cooler|electricity|essentials|fireextingu|food|furniture|heating|islamictoilet|jacuzzi|janitor|kitchen|parking|refrigerator|stave|table|tv|vacuumcleaner|water,خوش منظره|حیاط دار,36.3395,52.7733,"[{""percent"": 10, ""type"": ""duration"", ""min_nights"": 7}]"
3234782,اجاره کلبه سوئیسی در بابلکنار - شیردارکلا,https://www.jajiga.com/room/3234782,active,1,65,100,0,2,4,"[{'space_id': 1, 'single': 0, 'double': 1, 'mattress': 0, 'sofa_bed': 0, 'etc': ''}, {'space_id': 0, 'single': 0, 'double': 0, 'mattress': 0, 'sofa_bed': 0, 'etc': ''}]",1,,5500000,1000000,hard,False,False,False,False,18,50,4.3,25,3.6,4.8,3.8,4.8,4.6,4.2,True,False,0,,28,,,1315827,کاوه,male,2021-06-07,86,138,4.9,0,0,30,0,1,False,شیردارکلا,shirdarkola,barbecue|bathroom|cooler|electricity|essentials|furniture|heating|islamictoilet|jacuzzi|kitchen|parking|refrigerator|stave|table|toilet|tv|vacuumcleaner|water,,36.338,52.7752,[]
3224492,کلبه سوئیسی استخردار در بابلکنار - شیردارکلا,https://www.jajiga.com/room/3224492,active,2,100,560,0,4,6,"[{'space_id': 1, 'single': 0, 'double': 1, 'mattress': 0, 'sofa_bed': 0, 'etc': ''}, {'space_id': 2, 'single': 0, 'double': 1, 'mattress': 0, 'sofa_bed': 0, 'etc': ''}, {'space_id': 0, 'single': 0, 'double': 0, 'mattress': 0, 'sofa_bed': 0, 'etc': ''}]",2,,6200000,500000,middle,False,False,False,False,17,5,4.7,4,4.8,5,4.8,4.8,5,4,False,False,10,"{'percent': 10, 'type': 'today_discount'}",39,,,2041348,عقیل,male,2024-04-23,45,44,5,13,4,30,1,0,False,شیردارکلا,shirdarkola,bathroom|cooler|electricity|essentials|fireextingu|furniture|hairdryer|heating|islamictoilet|janitor|kitchen|parking|pool|refrigerator|toilet|vacuumcleaner|water,خوش منظره|استخر آب گرم|استخر سرپوشیده,36.3407,52.7636,"[{""percent"": 10, ""type"": ""today_discount""}, {""percent"": 10, ""type"": ""tomorrow_discount""}]"
3176224,کلبه سوئیسی استخردار در بابلکنار,https://www.jajiga.com/room/3176224,active,2,90,2000,0,4,5,"[{'space_id': 1, 'single': 0, 'double': 1, 'mattress': 0, 'sofa_bed': 0, 'etc': ''}, {'space_id': 2, 'single': 1, 'double': 1, 'mattress': 0, 'sofa_bed': 0, 'etc': ''}, {'space_id': 0, 'single': 0, 'double': 0, 'mattress': 0, 'sofa_bed': 0, 'etc': ''}]",1,,6820000,700000,hard,True,True,False,False,20,50,5,36,5,5,5,5,5,5,True,False,0,,23,,,1186188,علیرضا,male,2019-10-06,100,144,5,10,3,30,1,0,False,شیردارکلا,shirdarkola,barbecue|bathroom|cooler|electricity|essentials|fireextingu|food|furniture|heating|islamictoilet|janitor|kitchen|parking|pool|refrigerator|stave|table|tv|vacuumcleaner|water,خوش منظره|مهمان نواز|استخر سرپوشیده|استخر آب گرم,36.3395,52.7733,"[{""percent"": 10, ""type"": ""duration"", ""min_nights"": 3}, {""percent"": 10, ""type"": ""duration"", ""min_nights"": 7}]"
3304015,کلبه سوئیسی با استخر و جکوزی در بابلکنار,https://www.jajiga.com/room/3304015,active,2,180,1000,0,4,6,"[{'space_id': 1, 'single': 0, 'double': 1, 'mattress': 0, 'sofa_bed': 0, 'etc': ''}, {'space_id': 2, 'single': 0, 'double': 1, 'mattress': 0, 'sofa_bed': 0, 'etc': ''}, {'space_id': 0, 'single': 0, 'double': 0, 'mattress': 3, 'sofa_bed': 0, 'etc': ''}]",1,,7000000,800000,middle,False,False,False,False,17,5,4.3,3,4.3,4.7,4,4,4.7,4,False,False,10,"{'percent': 10, 'type': 'today_discount'}",36,,,3128429,لیلا,female,2026-06-02,75,553,4.7,13,4,30,1,1,False,شیردارکلا,shirdarkola,barbecue|bathroom|cooler|electricity|essentials|furniture|heating|jacuzzi|janitor|kitchen|pool|refrigerator|stave|toilet|tv|vacuumcleaner|water,جذاب|استخر آب گرم|استخر سرپوشیده,36.3403,52.7704,"[{""percent"": 10, ""type"": ""duration"", ""min_nights"": 2}, {""percent"": 10, ""type"": ""duration"", ""min_nights"": 10}, {""percent"": 10, ""type"": ""today_discount""}]"
3279016,ویلا وان جکوزی در بابلکنار - شیردارکلا,https://www.jajiga.com/room/3279016,active,2,200,200,0,4,8,"[{'space_id': 1, 'single': 0, 'double': 1, 'mattress': 0, 'sofa_bed': 0, 'etc': ''}, {'space_id': 2, 'single': 0, 'double': 1, 'mattress': 0, 'sofa_bed': 0, 'etc': ''}, {'space_id': 0, 'single': 0, 'double': 0, 'mattress': 2, 'sofa_bed': 2, 'etc': ''}]",1,,7000000,2000000,middle,True,False,False,False,25,5,4.9,6,5,5,4.5,5,5,4.8,True,False,10,"{'percent': 10, 'type': 'tomorrow_discount'}",35,,,2764255,رضا,male,2025-09-17,83,345,5,13,4,30,0,1,False,شیردارکلا,shirdarkola,barbecue|bathroom|cooler|drawer|electricity|essentials|fireextingu|firstaidkit|foosball|furniture|hairdryer|heating|islamictoilet|jacuzzi|kitchen|microwave|parking|refrigerator|stave|table|toilet|tv|vacuumcleaner|washer|water,خوش منظره|جذاب|مهمان نواز,36.3432,52.7684,"[{""percent"": 10, ""type"": ""duration"", ""min_nights"": 3}, {""percent"": 20, ""type"": ""duration"", ""min_nights"": 7}, {""percent"": 10, ""type"": ""tomorrow_discount""}]"
3178917,کلبه سوئیسی استخردار در سوادکوه - شیردارکلا,https://www.jajiga.com/room/3178917,active,3,120,800,0,6,6,"[{'space_id': 1, 'single': 0, 'double': 1, 'mattress': 0, 'sofa_bed': 0, 'etc': ''}, {'space_id': 2, 'single': 0, 'double': 1, 'mattress': 0, 'sofa_bed': 0, 'etc': ''}, {'space_id': 3, 'single': 0, 'double': 1, 'mattress': 0, 'sofa_bed': 0, 'etc': ''}, {'space_id': 0, 'single': 0, 'double': 0, 'mattress': 0, 'sofa_bed': 0, 'etc': ''}]",1,,7800000,250000,hard,True,True,False,False,19,200,4.9,164,4.9,5,4.8,4.8,5,4.8,True,False,0,,25,,,1613816,محمد مهدی,male,2022-11-06,88,123,5,70,21,30,1,0,False,شیردارکلا,shirdarkola,barbecue|bathroom|cooler|drawer|electricity|essentials|fireextingu|furniture|heating|islamictoilet|kitchen|parking|pool|refrigerator|stave|table|toilet|vacuumcleaner|water,جذاب|اقامتگاه خاص|حیاط دار|مهمان نواز|استخر آب گرم|استخر روباز,36.3337,52.774,"[{""percent"": 5, ""type"": ""duration"", ""min_nights"": 5}, {""percent"": 10, ""type"": ""duration"", ""min_nights"": 10}]"
3264676,کلبه سوئیسی استخردار بابلکنار - شیردارکلا,https://www.jajiga.com/room/3264676,active,3,160,400,0,6,8,"[{'space_id': 1, 'single': 0, 'double': 1, 'mattress': 0, 'sofa_bed': 0, 'etc': ''}, {'space_id': 2, 'single': 0, 'double': 1, 'mattress': 0, 'sofa_bed': 0, 'etc': ''}, {'space_id': 3, 'single': 0, 'double': 1, 'mattress': 0, 'sofa_bed': 0, 'etc': ''}, {'space_id': 0, 'single': 0, 'double': 0, 'mattress': 4, 'sofa_bed': 0, 'etc': ''}]",1,,8000000,1000000,middle,True,False,False,False,22,50,4.9,27,4.9,5,5,4.8,4.9,4.7,True,False,0,,33,,,2486539,رحمت,male,2025-04-21,94,213,5,43,13,30,1,0,False,شیردارکلا,shirdarkola,barbecue|bathroom|cooler|drawer|electricity|essentials|fireextingu|foosball|furniture|heating|islamictoilet|janitor|kitchen|parking|pool|refrigerator|stave|table|toilet|tv|vacuumcleaner|water,خوش منظره|جذاب|مهمان نواز|استخر آب گرم|استخر سرپوشیده,36.3402,52.7759,"[{""percent"": 10, ""type"": ""duration"", ""min_nights"": 10}]"
3293613,کلبه سوئیسی استخردار در بابلکنار - شیردارکلا,https://www.jajiga.com/room/3293613,active,2,100,300,0,4,6,"[{'space_id': 1, 'single': 0, 'double': 1, 'mattress': 0, 'sofa_bed': 0, 'etc': ''}, {'space_id': 2, 'single': 0, 'double': 1, 'mattress': 0, 'sofa_bed': 0, 'etc': ''}, {'space_id': 0, 'single': 0, 'double': 0, 'mattress': 4, 'sofa_bed': 1, 'etc': ''}]",1,,9000000,800000,hard,True,False,False,False,23,5,4.9,8,4.9,5,5,4.8,5,4.8,True,False,0,,19,,,2992426,روزبه,male,2026-03-19,79,328,5,7,2,30,1,0,False,شیردارکلا,shirdarkola,barbecue|bathroom|cooler|drawer|electricity|essentials|firealarm|fireextingu|firstaidkit|furniture|hairdryer|heating|islamictoilet|kitchen|parking|pool|refrigerator|stave|table|toilet|tv|vacuumcleaner|water,خوش منظره|مهمان نواز|استخر آب گرم|استخر سرپوشیده,36.3358,52.7758,[]
3157383,ویلا با جکوزی در سوادکوه - شیردارکلا,https://www.jajiga.com/room/3157383,active,3,260,550,0,6,10,"[{'space_id': 1, 'single': 0, 'double': 1, 'mattress': 0, 'sofa_bed': 0, 'etc': ''}, {'space_id': 2, 'single': 0, 'double': 1, 'mattress': 0, 'sofa_bed': 0, 'etc': ''}, {'space_id': 3, 'single': 0, 'double': 1, 'mattress': 0, 'sofa_bed': 0, 'etc': ''}, {'space_id': 0, 'single': 0, 'double': 0, 'mattress': 4, 'sofa_bed': 0, 'etc': ''}]",1,,10000000,1500000,hard,False,False,False,False,22,20,4.2,24,4,5,3.4,4.8,4.8,3.2,True,False,0,,46,,,1315827,کاوه,male,2021-06-07,86,138,4.9,0,0,30,0,1,False,شیردارکلا,shirdarkola,barbecue|bathroom|billiard|cooler|drawer|electricity|essentials|foosball|furniture|heating|islamictoilet|jacuzzi|kitchen|parking|refrigerator|stave|table|toilet|tv|vacuumcleaner|washer|water,لوکس|خوش منظره,36.3377,52.7751,"[{""percent"": 20, ""type"": ""duration"", ""min_nights"": 30}]"
3285158,کلبه سوئیسی در بابلکنار - قران تالار,https://www.jajiga.com/room/3285158,active,1,70,100,0,5,7,"[{'space_id': 1, 'single': 0, 'double': 1, 'mattress': 5, 'sofa_bed': 0, 'etc': ''}, {'space_id': 0, 'single': 0, 'double': 0, 'mattress': 0, 'sofa_bed': 0, 'etc': ''}]",1,,1400000,500000,hard,False,False,False,False,17,10,4.7,11,4.9,4.8,4,4.7,4.9,4.7,True,False,20,"{'percent': 20, 'type': 'period'}",18,,,2867614,معصومه,female,2025-12-03,67,360,4.6,0,0,30,0,0,False,قرآن تالار,quran_talar,barbecue|bathroom|cooler|electricity|essentials|firstaidkit|furniture|heating|islamictoilet|janitor|kitchen|parking|refrigerator|stave|table|toilet|water,خوش منظره,36.3051,52.7811,"[{""percent"": 10, ""type"": ""duration"", ""min_nights"": 7}]"
3212511,کلبه چوبی دوبلکس در بابلکنار - قرآن تالار,https://www.jajiga.com/room/3212511,active,1,40,200,0,2,6,"[{'space_id': 1, 'single': 0, 'double': 1, 'mattress': 2, 'sofa_bed': 0, 'etc': ''}, {'space_id': 0, 'single': 0, 'double': 0, 'mattress': 0, 'sofa_bed': 0, 'etc': ''}]",1,,1600000,300000,middle,True,True,False,False,16,50,4.8,34,4.9,4.9,4.8,4.7,4.9,4.9,True,False,0,,22,,,1961256,مهدی,male,2023-12-02,100,147,4.9,13,4,30,0,0,False,قرآن تالار,quran_talar,barbecue|bathroom|cooler|electricity|essentials|furniture|heating|islamictoilet|janitor|kitchen|parking|refrigerator|stave|tv|vacuumcleaner|water,مهمان نواز,36.305,52.7788,"[{""percent"": 10, ""type"": ""duration"", ""min_nights"": 3}, {""percent"": 10, ""type"": ""duration"", ""min_nights"": 10}]"
3283885,کلبه سوئیسی جکوزی دار در بابلکنار - قران تالار,https://www.jajiga.com/room/3283885,active,1,70,100,0,4,6,"[{'space_id': 1, 'single': 0, 'double': 1, 'mattress': 4, 'sofa_bed': 0, 'etc': ''}, {'space_id': 0, 'single': 0, 'double': 0, 'mattress': 0, 'sofa_bed': 0, 'etc': ''}]",1,,2000000,500000,hard,False,False,False,False,17,20,4.5,14,4.9,4.4,4.1,4.8,4.6,4.4,True,False,10,"{'percent': 10, 'type': 'period'}",22,,,2867614,معصومه,female,2025-12-03,67,360,4.6,7,2,30,0,1,False,قرآن تالار,quran_talar,barbecue|bathroom|cooler|electricity|essentials|firstaidkit|furniture|heating|jacuzzi|janitor|kitchen|parking|refrigerator|stave|table|toilet|water,,36.3054,52.7807,[]
3289641,کلبه سوئیسی با جکوزی در بابلکنار - قرآن تالار,https://www.jajiga.com/room/3289641,active,2,75,150,0,6,6,"[{'space_id': 1, 'single': 0, 'double': 1, 'mattress': 0, 'sofa_bed': 0, 'etc': ''}, {'space_id': 2, 'single': 0, 'double': 1, 'mattress': 0, 'sofa_bed': 0, 'etc': ''}, {'space_id': 0, 'single': 0, 'double': 0, 'mattress': 0, 'sofa_bed': 0, 'etc': ''}]",1,,2200000,200000,hard,True,False,False,False,21,50,4.6,18,4.9,4.7,4.4,4.3,4.8,4.6,True,False,0,,13,,,1762286,محسن,male,2023-11-23,89,159,4.8,17,5,30,0,1,False,قرآن تالار,quran_talar,barbecue|bathroom|cooler|electricity|essentials|fireextingu|food|furniture|heating|islamictoilet|jacuzzi|janitor|kitchen|parking|refrigerator|stave|table|toilet|tv|vacuumcleaner|water,,36.3071,52.7778,"[{""percent"": 10, ""type"": ""duration"", ""min_nights"": 3}, {""percent"": 20, ""type"": ""duration"", ""min_nights"": 10}]"
3291421,کلبه با وان‌ جکوزی در بابلکنار - قرآن‌ تالار,https://www.jajiga.com/room/3291421,active,1,75,130,0,3,5,"[{'space_id': 1, 'single': 0, 'double': 1, 'mattress': 0, 'sofa_bed': 0, 'etc': ''}, {'space_id': 0, 'single': 0, 'double': 0, 'mattress': 2, 'sofa_bed': 1, 'etc': ''}]",1,,2650000,600000,hard,True,True,False,False,20,50,4.9,58,4.9,4.9,4.9,4.9,4.9,4.9,True,False,0,,18,,,2976300,رضا,male,2026-03-07,98,98,4.9,43,13,30,0,1,False,قرآن تالار,quran_talar,barbecue|bathroom|cooler|electricity|essentials|furniture|hairdryer|heating|islamictoilet|jacuzzi|janitor|kitchen|parking|refrigerator|stave|table|toilet|tv|vacuumcleaner|water,جذاب|مهمان نواز,36.3061,52.7768,"[{""percent"": 10, ""type"": ""duration"", ""min_nights"": 3}, {""percent"": 20, ""type"": ""duration"", ""min_nights"": 10}]"
3245010,کلبه سوئیسی با جکوزی در بابلکنار - قرآن تالار,https://www.jajiga.com/room/3245010,active,1,30,200,0,3,3,"[{'space_id': 1, 'single': 0, 'double': 1, 'mattress': 1, 'sofa_bed': 0, 'etc': ''}, {'space_id': 0, 'single': 0, 'double': 0, 'mattress': 0, 'sofa_bed': 0, 'etc': ''}]",1,,2700000,150000,middle,True,False,False,False,17,5,4.6,7,4.8,4.8,3.8,4.8,5,4.4,True,False,0,,13,,,2138261,جعفر,male,2024-10-28,82,402,4.8,7,2,30,0,1,False,قرآن تالار,quran_talar,barbecue|bathroom|cooler|electricity|essentials|furniture|heating|islamictoilet|jacuzzi|janitor|kitchen|parking|refrigerator|stave|tv|vacuumcleaner|water,خوش منظره|مهمان نواز,36.2965,52.7812,"[{""percent"": 10, ""type"": ""duration"", ""min_nights"": 5}, {""percent"": 10, ""type"": ""duration"", ""min_nights"": 7}]"
3289341,کلبه سوئیسی رو به جنگل در بابلکنار - قرآن تالار,https://www.jajiga.com/room/3289341,active,2,90,200,0,4,6,"[{'space_id': 1, 'single': 0, 'double': 1, 'mattress': 0, 'sofa_bed': 0, 'etc': ''}, {'space_id': 2, 'single': 0, 'double': 1, 'mattress': 0, 'sofa_bed': 0, 'etc': ''}, {'space_id': 0, 'single': 0, 'double': 0, 'mattress': 0, 'sofa_bed': 0, 'etc': ''}]",1,,2800000,600000,hard,True,False,False,False,21,50,4.8,35,4.9,4.9,4.7,4.7,4.9,4.9,True,False,0,,22,,,1762286,محسن,male,2023-11-23,89,157,4.8,33,10,30,0,1,False,قرآن تالار,quran_talar,barbecue|bathroom|cooler|electricity|essentials|fireextingu|food|furniture|heating|islamictoilet|jacuzzi|janitor|kitchen|parking|refrigerator|stave|table|toilet|tv|vacuumcleaner|water,جذاب|مهمان نواز,36.3071,52.778,"[{""percent"": 10, ""type"": ""duration"", ""min_nights"": 3}, {""percent"": 20, ""type"": ""duration"", ""min_nights"": 10}]"
3281922,کلبه چوبی در در بابلکنار - قرآن تالار,https://www.jajiga.com/room/3281922,active,1,110,508,0,2,4,"[{'space_id': 1, 'single': 0, 'double': 1, 'mattress': 1, 'sofa_bed': 0, 'etc': ''}, {'space_id': 0, 'single': 0, 'double': 0, 'mattress': 3, 'sofa_bed': 0, 'etc': ''}]",1,,3000000,300000,middle,False,False,False,True,18,0,0,0,0,0,0,0,0,0,False,False,10,"{'percent': 10, 'type': 'first_book'}",26,,,2830953,رضا,male,2026-06-28,33,152,,0,0,30,0,0,False,قرآن تالار,quran_talar,barbecue|bathroom|cooler|electricity|essentials|fireextingu|furniture|heating|islamictoilet|janitor|kitchen|parking|refrigerator|stave|toilet|tv|vacuumcleaner|water,,36.3081,52.7819,"[{""percent"": 10, ""type"": ""duration"", ""min_nights"": 3}, {""percent"": 20, ""type"": ""duration"", ""min_nights"": 10}, {""percent"": 10, ""type"": ""first_book""}]"
3293846,کلبه بالکن دار با جکوزی در بابلکنار - قرآن تالار,https://www.jajiga.com/room/3293846,active,3,130,200,0,4,6,"[{'space_id': 1, 'single': 0, 'double': 1, 'mattress': 0, 'sofa_bed': 0, 'etc': ''}, {'space_id': 2, 'single': 0, 'double': 1, 'mattress': 0, 'sofa_bed': 0, 'etc': ''}, {'space_id': 3, 'single': 0, 'double': 1, 'mattress': 0, 'sofa_bed': 0, 'etc': ''}, {'space_id': 0, 'single': 0, 'double': 0, 'mattress': 2, 'sofa_bed': 0, 'etc': ''}]",1,,3200000,400000,hard,True,True,False,False,21,20,4.6,18,4.7,4.7,4.4,4.4,4.8,4.7,True,False,0,,16,,,1762286,محسن,male,2023-11-23,89,158,4.8,23,7,30,0,1,False,قرآن تالار,quran_talar,barbecue|bathroom|cooler|electricity|essentials|fireextingu|food|furniture|heating|islamictoilet|jacuzzi|janitor|kitchen|parking|refrigerator|stave|table|toilet|tv|vacuumcleaner|water,,36.3069,52.7779,"[{""percent"": 10, ""type"": ""duration"", ""min_nights"": 3}, {""percent"": 20, ""type"": ""duration"", ""min_nights"": 10}]"
3212136,کلبه سوئیسی جکوزی دار در بابلکنار - قرآن تالار,https://www.jajiga.com/room/3212136,active,2,70,200,0,6,6,"[{'space_id': 1, 'single': 0, 'double': 1, 'mattress': 4, 'sofa_bed': 0, 'etc': ''}, {'space_id': 2, 'single': 0, 'double': 1, 'mattress': 0, 'sofa_bed': 0, 'etc': ''}, {'space_id': 0, 'single': 0, 'double': 0, 'mattress': 0, 'sofa_bed': 0, 'etc': ''}]",1,,3200000,800000,hard,True,False,False,False,19,300,4.7,171,4.8,4.8,4.3,4.6,4.9,4.7,True,False,0,,17,,,1762286,محسن,male,2023-11-23,89,159,4.8,13,4,30,0,1,False,قرآن تالار,quran_talar,barbecue|bathroom|cooler|electricity|essentials|fireextingu|furniture|heating|islamictoilet|jacuzzi|janitor|kitchen|parking|refrigerator|stave|table|tv|vacuumcleaner|water,مهمان نواز,36.3068,52.7778,"[{""percent"": 5, ""type"": ""duration"", ""min_nights"": 3}, {""percent"": 10, ""type"": ""duration"", ""min_nights"": 10}]"
3209086,اجاره کلبه سوئدی در نزدیکی لفور - قرآن تلار,https://www.jajiga.com/room/3209086,active,2,75,600,0,4,6,"[{'space_id': 1, 'single': 0, 'double': 1, 'mattress': 0, 'sofa_bed': 0, 'etc': ''}, {'space_id': 2, 'single': 0, 'double': 1, 'mattress': 0, 'sofa_bed': 0, 'etc': ''}, {'space_id': 0, 'single': 0, 'double': 0, 'mattress': 0, 'sofa_bed': 0, 'etc': ''}]",1,,3500000,500000,middle,True,False,False,False,16,50,4.9,47,4.9,5,4.5,5,5,4.8,True,False,0,,17,,,1919845,سید کاظم,male,2023-10-15,97,116,5,13,4,30,0,0,False,قرآن تالار,quran_talar,barbecue|bathroom|cooler|electricity|essentials|furniture|heating|islamictoilet|janitor|kitchen|refrigerator|stave|table|tv|vacuumcleaner|water,جذاب|اقامتگاه خاص|خوش منظره|مهمان نواز,36.2963,52.7802,"[{""percent"": 5, ""type"": ""duration"", ""min_nights"": 4}, {""percent"": 10, ""type"": ""duration"", ""min_nights"": 10}]"
3228941,اجاره کلبه چوبی در بابلکنار - گونه کلا,https://www.jajiga.com/room/3228941,active,1,70,1000,0,4,4,"[{'space_id': 1, 'single': 0, 'double': 0, 'mattress': 2, 'sofa_bed': 0, 'etc': ''}, {'space_id': 0, 'single': 0, 'double': 1, 'mattress': 6, 'sofa_bed': 0, 'etc': ''}]",1,,1500000,150000,hard,True,False,False,False,19,20,4.8,20,4.9,4.8,4.7,4.8,5,4.7,True,False,0,,11,,,2085901,عبدالله,male,2024-05-19,95,279,4.8,0,0,30,0,0,False,گونه کلا,gonehkola,barbecue|bathroom|cooler|electricity|essentials|fireextingu|furniture|heating|islamictoilet|janitor|kitchen|parking|refrigerator|stave|table|toilet|tv|vacuumcleaner|water,مهمان نواز,36.3328,52.79,[]
3298479,کلبه سوئیسی در بابلکنار - گونه کلا,https://www.jajiga.com/room/3298479,active,2,75,250,0,4,6,"[{'space_id': 1, 'single': 0, 'double': 1, 'mattress': 0, 'sofa_bed': 0, 'etc': ''}, {'space_id': 2, 'single': 0, 'double': 1, 'mattress': 0, 'sofa_bed': 0, 'etc': ''}, {'space_id': 0, 'single': 0, 'double': 0, 'mattress': 0, 'sofa_bed': 0, 'etc': ''}]",1,,1500000,300000,middle,False,False,False,False,16,0,4.8,3,4.7,4.7,5,5,5,4.7,False,False,0,,11,,,3030198,امیر حسین,male,2026-04-12,89,260,4.7,10,3,30,0,0,False,گونه کلا,gonehkola,barbecue|bathroom|cooler|electricity|essentials|furniture|heating|islamictoilet|janitor|kitchen|parking|refrigerator|stave|table|toilet|water,,36.337,52.7911,"[{""percent"": 10, ""type"": ""duration"", ""min_nights"": 3}, {""percent"": 20, ""type"": ""duration"", ""min_nights"": 10}]"
3227914,اجاره سوئیت جنگلی در بابلکنار - گونه کلا,https://www.jajiga.com/room/3227914,active,1,40,200,0,4,6,"[{'space_id': 1, 'single': 0, 'double': 1, 'mattress': 4, 'sofa_bed': 0, 'etc': ''}, {'space_id': 0, 'single': 0, 'double': 0, 'mattress': 0, 'sofa_bed': 0, 'etc': ''}]",1,,1600000,200000,middle,True,False,False,False,15,10,4.8,9,5,4.9,4.9,5,4.9,4.4,True,False,0,,15,,,2079214,مختار,male,2024-05-21,91,283,4.8,23,7,30,0,0,False,گونه کلا,gonehkola,bathroom|cooler|electricity|essentials|heating|islamictoilet|janitor|kitchen|parking|refrigerator|stave|toilet|tv|vacuumcleaner|water,خوش منظره|لب آب|مهمان نواز,36.3341,52.7914,"[{""percent"": 10, ""type"": ""duration"", ""min_nights"": 3}, {""percent"": 20, ""type"": ""duration"", ""min_nights"": 10}]"
3235299,اجاره کلبه سوئیسی در بابلکنار - گونه کلا,https://www.jajiga.com/room/3235299,active,1,70,85,0,4,6,"[{'space_id': 1, 'single': 0, 'double': 1, 'mattress': 4, 'sofa_bed': 0, 'etc': ''}, {'space_id': 0, 'single': 0, 'double': 0, 'mattress': 0, 'sofa_bed': 0, 'etc': ''}]",1,,1800000,300000,middle,True,False,False,False,18,50,4.8,35,4.9,4.7,4.5,4.8,5,4.7,True,False,0,,22,,,2079214,مختار,male,2024-05-21,91,283,4.8,27,8,30,0,0,False,گونه کلا,gonehkola,barbecue|bathroom|cooler|electricity|essentials|furniture|heating|islamictoilet|janitor|kitchen|parking|refrigerator|stave|table|toilet|tv|vacuumcleaner|water,,36.3358,52.7928,"[{""percent"": 10, ""type"": ""duration"", ""min_nights"": 3}, {""percent"": 20, ""type"": ""duration"", ""min_nights"": 10}]"
3228452,خانه مبله در بابلکنار - گونه کلا - طبقه ۲,https://www.jajiga.com/room/3228452,active,1,95,150,0,4,6,"[{'space_id': 1, 'single': 0, 'double': 1, 'mattress': 0, 'sofa_bed': 0, 'etc': ''}, {'space_id': 0, 'single': 0, 'double': 0, 'mattress': 0, 'sofa_bed': 0, 'etc': ''}]",1,,1950000,500000,middle,True,True,False,False,18,10,4.7,13,4.7,4.7,4.7,4.7,4.8,4.5,True,False,0,,18,,,1619079,ملیکا,female,2023-09-09,94,123,4.7,0,0,30,0,0,False,گونه کلا,gonehkola,bathroom|cooler|drawer|electricity|essentials|furniture|heating|islamictoilet|kitchen|parking|refrigerator|stave|table|toilet|tv|vacuumcleaner|washer|water,,36.3267,52.7793,"[{""percent"": 10, ""type"": ""duration"", ""min_nights"": 7}]"
3308372,خانه ویلایی در بابلکنار - گونه کلا,https://www.jajiga.com/room/3308372,active,2,120,200,0,6,10,"[{'space_id': 1, 'single': 0, 'double': 1, 'mattress': 0, 'sofa_bed': 0, 'etc': ''}, {'space_id': 2, 'single': 0, 'double': 1, 'mattress': 0, 'sofa_bed': 0, 'etc': ''}, {'space_id': 0, 'single': 0, 'double': 0, 'mattress': 3, 'sofa_bed': 0, 'etc': ''}]",1,,2000000,500000,middle,False,False,False,True,16,0,0,0,0,0,0,0,0,0,False,False,0,,23,,,1209906,آرش,male,2026-07-18,50,345,,3,1,30,0,0,False,گونه کلا,gonehkola,bathroom|cooler|electricity|essentials|furniture|heating|islamictoilet|kitchen|parking|refrigerator|stave|table|toilet|tv|vacuumcleaner|water,,36.3384,52.7894,[]
3156478,رزرو سوئیت جنگلی در بابلکنار - گونه کلا,https://www.jajiga.com/room/3156478,active,1,60,6000,0,4,6,"[{'space_id': 1, 'single': 0, 'double': 1, 'mattress': 2, 'sofa_bed': 0, 'etc': 'پتو و بالش'}, {'space_id': 0, 'single': 0, 'double': 0, 'mattress': 0, 'sofa_bed': 0, 'etc': ''}]",1,,2000000,500000,middle,False,False,False,False,13,0,0,0,0,0,0,0,0,0,False,False,0,,17,,,1298833,بهادر,male,2021-04-26,8,562,,3,1,30,0,0,False,گونه کلا,gonehkola,bathroom|electricity|essentials|furniture|heating|islamictoilet|janitor|kitchen|parking|refrigerator|stave|table|water,خوش منظره,36.3357,52.7787,"[{""percent"": 10, ""type"": ""duration"", ""min_nights"": 3}, {""percent"": 20, ""type"": ""duration"", ""min_nights"": 15}]"
3244715,اجاره ویلا دوبلکس در بابلکنار - گونه کلا,https://www.jajiga.com/room/3244715,active,2,170,300,0,4,8,"[{'space_id': 1, 'single': 0, 'double': 1, 'mattress': 6, 'sofa_bed': 0, 'etc': ''}, {'space_id': 2, 'single': 0, 'double': 0, 'mattress': 0, 'sofa_bed': 0, 'etc': ''}, {'space_id': 0, 'single': 0, 'double': 0, 'mattress': 0, 'sofa_bed': 0, 'etc': ''}]",1,,2000000,500000,hard,True,False,False,False,24,20,4.5,20,4.6,4.4,4.9,4.5,4.8,4.1,True,False,0,,13,,,1781824,مهدی,male,2023-06-21,78,294,4.4,0,0,30,0,0,False,گونه کلا,gonehkola,barbecue|bathroom|cooler|drawer|electricity|essentials|firstaidkit|furniture|hairdryer|heating|iron|islamictoilet|janitor|kitchen|microwave|parking|phone|refrigerator|stave|table|tv|vacuumcleaner|washer|water,,36.335,52.7934,"[{""percent"": 10, ""type"": ""duration"", ""min_nights"": 10}]"
3276640,اجاره خانه ویلایی در بابلکنار - گونه کلا,https://www.jajiga.com/room/3276640,active,2,130,700,0,5,8,"[{'space_id': 1, 'single': 0, 'double': 1, 'mattress': 0, 'sofa_bed': 0, 'etc': ''}, {'space_id': 2, 'single': 0, 'double': 0, 'mattress': 0, 'sofa_bed': 0, 'etc': ''}, {'space_id': 0, 'single': 0, 'double': 0, 'mattress': 5, 'sofa_bed': 0, 'etc': ''}]",1,,2200000,5000,middle,True,False,False,False,19,10,4.7,10,4.7,4.9,4.3,4.6,5,4.5,True,False,0,,17,,,2650841,مهربان,male,2025-08-25,67,241,4.9,0,0,30,0,0,False,گونه کلا,gonehkola,barbecue|bathroom|cooler|drawer|electricity|essentials|furniture|heating|islamictoilet|kitchen|parking|refrigerator|stave|table|toilet|tv|vacuumcleaner|washer|water,مهمان نواز,36.3238,52.7827,"[{""percent"": 10, ""type"": ""duration"", ""min_nights"": 20}]"
3273563,کلبه سوئیسی جکوزی دار در بابلکنار - گونه کلا,https://www.jajiga.com/room/3273563,active,1,90,850,0,4,5,"[{'space_id': 1, 'single': 0, 'double': 1, 'mattress': 0, 'sofa_bed': 0, 'etc': ''}, {'space_id': 0, 'single': 0, 'double': 0, 'mattress': 3, 'sofa_bed': 0, 'etc': ''}]",1,,2350000,500000,middle,False,False,False,False,18,5,3.6,4,3.8,4,2.8,4.5,4,2.8,False,True,10,"{'percent': 10, 'type': 'today_discount'}",25,,,2616946,مهدی,male,2026-05-11,80,510,4,0,0,30,0,1,False,گونه کلا,gonehkola,barbecue|bathroom|cooler|electricity|essentials|food|furniture|heating|islamictoilet|jacuzzi|janitor|kitchen|refrigerator|stave|toilet|tv|vacuumcleaner|water,حیاط دار,36.3352,52.777,"[{""percent"": 10, ""type"": ""duration"", ""min_nights"": 5}, {""percent"": 30, ""type"": ""duration"", ""min_nights"": 15}, {""percent"": 10, ""type"": ""tomorrow_discount""}]"
3212575,ویلا چوبی در بابلکنار - گونه کلا,https://www.jajiga.com/room/3212575,active,2,75,300,0,4,4,"[{'space_id': 1, 'single': 0, 'double': 1, 'mattress': 0, 'sofa_bed': 0, 'etc': ''}, {'space_id': 2, 'single': 0, 'double': 0, 'mattress': 1, 'sofa_bed': 0, 'etc': ''}, {'space_id': 0, 'single': 0, 'double': 0, 'mattress': 0, 'sofa_bed': 0, 'etc': ''}]",1,,2500000,200000,middle,True,False,False,False,15,20,5,24,4.9,5,5,4.9,5,5,False,False,0,,20,,,1193871,رمضانعلی,male,2023-12-04,47,431,5,0,0,30,0,0,False,گونه کلا,gonehkola,barbecue|bathroom|cooler|electricity|essentials|furniture|heating|janitor|kitchen|parking|refrigerator|stave|toilet|vacuumcleaner|water,خوش منظره|مهمان نواز,36.3368,52.7802,[]
3281370,کلبه سوئیسی در بابلکنار - گونه کلا - واحد ۴,https://www.jajiga.com/room/3281370,active,1,50,800,0,4,6,"[{'space_id': 1, 'single': 0, 'double': 1, 'mattress': 0, 'sofa_bed': 0, 'etc': ''}, {'space_id': 0, 'single': 0, 'double': 0, 'mattress': 3, 'sofa_bed': 2, 'etc': ''}]",1,,2550000,450000,middle,False,False,False,False,19,5,5,4,5,5,5,4.8,5,5,False,False,20,"{'percent': 20, 'type': 'today_discount'}",16,,,1420940,پویا,male,2022-01-16,38,298,5,0,0,30,0,0,False,گونه کلا,gonehkola,bathroom|cooler|drawer|electricity|essentials|fireextingu|firstaidkit|furniture|heating|islamictoilet|kitchen|parking|refrigerator|stave|table|toilet|tv|vacuumcleaner|water,,36.3343,52.7896,"[{""percent"": 10, ""type"": ""duration"", ""min_nights"": 5}, {""percent"": 10, ""type"": ""duration"", ""min_nights"": 10}, {""percent"": 20, ""type"": ""today_discount""}, {""percent"": 10, ""type"": ""tomorrow_discount""}]"
3236158,کلبه سوئیسی با جکوزی در بابلکنار - گونه کلا,https://www.jajiga.com/room/3236158,active,1,50,250,0,4,6,"[{'space_id': 1, 'single': 0, 'double': 1, 'mattress': 2, 'sofa_bed': 0, 'etc': ''}, {'space_id': 0, 'single': 0, 'double': 0, 'mattress': 0, 'sofa_bed': 0, 'etc': 'دو عدد مبل تخت خواب شو دونفره'}]",1,,2590000,500000,middle,False,False,False,False,17,10,4.9,11,5,5,4.8,5,5,4.8,True,False,0,,31,,,1782277,پوریا,male,2023-06-20,52,371,4.9,0,0,30,0,1,False,گونه کلا,gonehkola,bathroom|cooler|drawer|electricity|essentials|furniture|heating|islamictoilet|jacuzzi|kitchen|parking|refrigerator|stave|table|toilet|tv|water,,36.3349,52.785,"[{""percent"": 5, ""type"": ""duration"", ""min_nights"": 5}, {""percent"": 10, ""type"": ""duration"", ""min_nights"": 10}]"
3263831,اجاره کلبه سوئیسی در بابلکنار - گونه کلا,https://www.jajiga.com/room/3263831,active,1,50,250,0,4,6,"[{'space_id': 1, 'single': 0, 'double': 1, 'mattress': 0, 'sofa_bed': 0, 'etc': ''}, {'space_id': 0, 'single': 0, 'double': 0, 'mattress': 0, 'sofa_bed': 0, 'etc': ''}]",1,,2590000,390000,middle,False,False,False,False,19,0,4.8,2,4.5,5,4.5,5,5,5,False,False,0,,15,,,1420940,پویا,male,2022-01-16,38,298,5,0,0,30,0,0,False,گونه کلا,gonehkola,barbecue|bathroom|cooler|electricity|essentials|fireextingu|firstaidkit|furniture|heating|islamictoilet|kitchen|parking|refrigerator|stave|table|toilet|tv|vacuumcleaner|water,,36.3348,52.7856,"[{""percent"": 10, ""type"": ""duration"", ""min_nights"": 6}, {""percent"": 10, ""type"": ""duration"", ""min_nights"": 10}]"
3263833,کلبه سوئیسی جکوزی دار در بابلکنار - گونه کلا,https://www.jajiga.com/room/3263833,active,1,50,400,0,2,4,"[{'space_id': 1, 'single': 0, 'double': 1, 'mattress': 0, 'sofa_bed': 0, 'etc': ''}, {'space_id': 0, 'single': 0, 'double': 0, 'mattress': 2, 'sofa_bed': 0, 'etc': ''}]",1,,2890000,490000,middle,False,False,False,False,20,0,5,1,5,5,5,5,5,5,False,False,0,,18,,,1420940,پویا,male,2022-01-16,38,298,5,0,0,30,0,1,False,گونه کلا,gonehkola,barbecue|bathroom|cooler|electricity|essentials|fireextingu|firstaidkit|furniture|heating|islamictoilet|jacuzzi|kitchen|parking|refrigerator|stave|table|toilet|tv|vacuumcleaner|water,,36.3346,52.7846,"[{""percent"": 10, ""type"": ""duration"", ""min_nights"": 5}, {""percent"": 20, ""type"": ""duration"", ""min_nights"": 10}]"
3161999,رزرو کلبه چوبی دوبلکس در بابلکنار - گونه کلا,https://www.jajiga.com/room/3161999,active,1,80,1000,0,6,6,"[{'space_id': 1, 'single': 0, 'double': 2, 'mattress': 2, 'sofa_bed': 0, 'etc': 'پتو و بالش و تشک'}, {'space_id': 0, 'single': 0, 'double': 0, 'mattress': 0, 'sofa_bed': 0, 'etc': ''}]",1,,2950000,500000,middle,False,False,False,False,21,5,4.5,5,4.4,5,4.4,4.2,4.8,4.2,False,False,0,,20,,,1420940,پویا,male,2022-01-16,38,298,5,23,7,30,0,1,False,گونه کلا,gonehkola,barbecue|bathroom|drawer|electricity|essentials|fireextingu|firstaidkit|foosball|furniture|heating|islamictoilet|jacuzzi|kitchen|parking|refrigerator|stave|table|toilet|tv|vacuumcleaner|water,,36.3348,52.7856,"[{""percent"": 5, ""type"": ""duration"", ""min_nights"": 5}, {""percent"": 20, ""type"": ""duration"", ""min_nights"": 10}]"
3285480,کلبه جکوزی دار در بابلکنار - گونه کلا,https://www.jajiga.com/room/3285480,active,1,35,250,0,2,4,"[{'space_id': 1, 'single': 0, 'double': 1, 'mattress': 0, 'sofa_bed': 0, 'etc': ''}, {'space_id': 0, 'single': 0, 'double': 0, 'mattress': 2, 'sofa_bed': 0, 'etc': ''}]",1,,2990000,500000,middle,False,False,False,False,16,0,5,1,5,5,5,5,5,5,False,False,0,,20,,,1420940,پویا,male,2022-01-16,38,298,5,0,0,30,0,1,False,گونه کلا,gonehkola,bathroom|cooler|electricity|essentials|firstaidkit|furniture|heating|islamictoilet|jacuzzi|kitchen|parking|refrigerator|stave|toilet|vacuumcleaner|water,خوش منظره,36.3301,52.7867,"[{""percent"": 10, ""type"": ""duration"", ""min_nights"": 5}, {""percent"": 10, ""type"": ""duration"", ""min_nights"": 10}]"
3198940,اجاره کلبه چوبی جکوزی دار در بابلکنار - گونه کلا,https://www.jajiga.com/room/3198940,active,1,40,250,0,6,6,"[{'space_id': 1, 'single': 0, 'double': 1, 'mattress': 0, 'sofa_bed': 0, 'etc': ''}, {'space_id': 0, 'single': 0, 'double': 1, 'mattress': 2, 'sofa_bed': 0, 'etc': ''}]",1,,2995000,500000,middle,False,False,False,False,21,20,4.7,20,4.8,4.8,4.8,4.4,5,4.2,True,False,0,,25,,,1782277,پوریا,male,2023-06-20,52,371,4.9,23,7,30,0,1,False,گونه کلا,gonehkola,barbecue|bathroom|cooler|drawer|electricity|essentials|firstaidkit|foosball|furniture|heating|islamictoilet|jacuzzi|kitchen|parking|refrigerator|stave|table|toilet|tv|washer|water,جذاب|خوش منظره,36.3347,52.7856,"[{""percent"": 5, ""type"": ""duration"", ""min_nights"": 5}, {""percent"": 10, ""type"": ""duration"", ""min_nights"": 10}]"
3224334,اجاره کلبه سوئیسی در بابلکنار - گونه کلا,https://www.jajiga.com/room/3224334,active,1,80,200,0,4,8,"[{'space_id': 1, 'single': 0, 'double': 1, 'mattress': 0, 'sofa_bed': 0, 'etc': '8 عدد پتو و بالشت موجود است.'}, {'space_id': 0, 'single': 0, 'double': 0, 'mattress': 0, 'sofa_bed': 0, 'etc': ''}]",1,,3000000,400000,middle,False,False,False,False,18,0,5,1,5,5,5,5,5,5,False,False,0,,18,,,1817560,سمیرا,female,2023-07-22,30,152,5,27,8,30,0,0,False,گونه کلا,gonehkola,barbecue|bathroom|cooler|electricity|essentials|furniture|heating|iron|islamictoilet|kitchen|parking|refrigerator|stave|table|toilet|tv|vacuumcleaner|water,,36.3328,52.7896,[]
3199786,کلبه در بابلکنار - گونه کلا,https://www.jajiga.com/room/3199786,active,1,60,500,0,4,6,"[{'space_id': 1, 'single': 1, 'double': 0, 'mattress': 5, 'sofa_bed': 0, 'etc': ''}, {'space_id': 0, 'single': 0, 'double': 0, 'mattress': 0, 'sofa_bed': 0, 'etc': ''}]",1,,3000000,200000,middle,False,False,False,False,20,10,4.5,9,4.4,4.8,4,4.6,4.9,4.2,False,False,0,,19,,,1790341,ابراهیم,male,2023-07-08,100,105,4,17,5,30,0,1,False,گونه کلا,gonehkola,barbecue|bathroom|cooler|electricity|essentials|fireextingu|firstaidkit|furniture|heating|islamictoilet|jacuzzi|janitor|kitchen|parking|refrigerator|safetycard|stave|table|vacuumcleaner|water,,36.3315,52.7862,"[{""percent"": 5, ""type"": ""duration"", ""min_nights"": 3}, {""percent"": 10, ""type"": ""duration"", ""min_nights"": 10}]"
3307485,خانه ویلایی در بابلکنار - گونه کلا,https://www.jajiga.com/room/3307485,active,2,100,140,0,4,6,"[{'space_id': 1, 'single': 0, 'double': 1, 'mattress': 0, 'sofa_bed': 0, 'etc': ''}, {'space_id': 2, 'single': 0, 'double': 1, 'mattress': 0, 'sofa_bed': 0, 'etc': ''}, {'space_id': 0, 'single': 0, 'double': 0, 'mattress': 2, 'sofa_bed': 0, 'etc': ''}]",1,,3000000,500000,middle,False,False,False,True,16,0,0,0,0,0,0,0,0,0,False,False,0,,25,,,3131530,هستی,female,2026-07-18,0,0,,0,0,30,0,0,False,گونه کلا,gonehkola,barbecue|bathroom|cooler|drawer|electricity|essentials|furniture|heating|islamictoilet|kitchen|refrigerator|stave|table|toilet|tv|water,,36.3353,52.7785,"[{""percent"": 10, ""type"": ""duration"", ""min_nights"": 10}]"
3284804,کلبه سوئیسی با جکوزی در بابلکنار - گونه کلا,https://www.jajiga.com/room/3284804,active,1,30,100,0,2,4,"[{'space_id': 1, 'single': 0, 'double': 1, 'mattress': 0, 'sofa_bed': 0, 'etc': ''}, {'space_id': 0, 'single': 0, 'double': 0, 'mattress': 2, 'sofa_bed': 0, 'etc': ''}]",1,,3250000,500000,middle,False,False,False,True,19,0,0,0,0,0,0,0,0,0,False,False,10,"{'percent': 10, 'type': 'tomorrow_discount'}",13,,,1420940,پویا,male,2022-01-16,38,298,5,3,1,30,0,1,False,گونه کلا,gonehkola,bathroom|cooler|electricity|essentials|firstaidkit|furniture|hairdryer|heating|islamictoilet|jacuzzi|kitchen|parking|refrigerator|stave|table|toilet|tv|vacuumcleaner|water,,36.3347,52.7849,"[{""percent"": 10, ""type"": ""duration"", ""min_nights"": 5}, {""percent"": 10, ""type"": ""duration"", ""min_nights"": 10}, {""percent"": 10, ""type"": ""first_book""}, {""percent"": 10, ""type"": ""tomorrow_discount""}]"
3259364,کلبه سوئیسی در بابلکنار - گونه کلا,https://www.jajiga.com/room/3259364,active,2,70,200,0,2,6,"[{'space_id': 1, 'single': 0, 'double': 1, 'mattress': 0, 'sofa_bed': 0, 'etc': ''}, {'space_id': 2, 'single': 0, 'double': 0, 'mattress': 4, 'sofa_bed': 0, 'etc': ''}, {'space_id': 0, 'single': 0, 'double': 0, 'mattress': 0, 'sofa_bed': 1, 'etc': ''}]",1,,3500000,500000,middle,False,True,False,False,18,5,4.5,5,4.6,5,4.4,4.2,4.6,4.4,False,False,0,,19,,,2435888,مهدی,male,2025-05-08,100,222,5,13,4,30,0,0,False,گونه کلا,gonehkola,barbecue|bathroom|cooler|electricity|essentials|furniture|heating|islamictoilet|janitor|kitchen|parking|refrigerator|stave|table|toilet|tv|vacuumcleaner|water,خوش منظره,36.3375,52.7909,"[{""percent"": 10, ""type"": ""duration"", ""min_nights"": 3}, {""percent"": 20, ""type"": ""duration"", ""min_nights"": 7}]"
3297115,خانه ویلایی در بابلکنار - گونه کلا,https://www.jajiga.com/room/3297115,active,1,140,700,0,4,6,"[{'space_id': 1, 'single': 0, 'double': 1, 'mattress': 0, 'sofa_bed': 0, 'etc': ''}, {'space_id': 0, 'single': 0, 'double': 0, 'mattress': 4, 'sofa_bed': 0, 'etc': ''}]",1,,3500000,800000,middle,False,False,False,False,18,0,5,3,5,5,5,5,5,5,False,False,0,,23,,,2998863,سلطانعلی,male,2026-04-05,57,395,5,0,0,30,0,0,False,گونه کلا,gonehkola,barbecue|bathroom|drawer|electricity|essentials|firstaidkit|furniture|heating|islamictoilet|janitor|kitchen|parking|refrigerator|stave|table|toilet|tv|water,,36.3278,52.7826,"[{""percent"": 10, ""type"": ""duration"", ""min_nights"": 2}, {""percent"": 10, ""type"": ""duration"", ""min_nights"": 7}]"
3186964,کلبه سوئیسی با جکوزی در بابلکنار - گونه کلا,https://www.jajiga.com/room/3186964,active,1,150,1000,0,2,4,"[{'space_id': 1, 'single': 0, 'double': 1, 'mattress': 0, 'sofa_bed': 0, 'etc': 'تخت سنتی'}, {'space_id': 0, 'single': 0, 'double': 0, 'mattress': 4, 'sofa_bed': 0, 'etc': ''}]",1,,3700000,1000000,hard,True,True,False,False,21,100,5,113,5,5,5,5,5,4.8,True,False,0,,29,,,1688265,الناز,female,2023-04-09,94,55,5,43,13,30,0,1,False,گونه کلا,gonehkola,barbecue|bathroom|cooler|drawer|electricity|essentials|furniture|hairdryer|heating|islamictoilet|jacuzzi|janitor|kitchen|parking|refrigerator|stave|table|toilet|tv|vacuumcleaner|water,جذاب|خوش منظره|مهمان نواز,36.3227,52.7815,"[{""percent"": 5, ""type"": ""duration"", ""min_nights"": 3}, {""percent"": 10, ""type"": ""duration"", ""min_nights"": 7}]"
3252868,کلبه چوبی جکوزی دار در بابلکنار - گونه کلا,https://www.jajiga.com/room/3252868,active,0,40,200,0,2,4,"[{'space_id': 0, 'single': 0, 'double': 0, 'mattress': 1, 'sofa_bed': 0, 'etc': ''}]",1,,3990000,300000,middle,True,False,False,False,19,10,4.7,9,4.9,4.8,4.8,4.8,4.9,4.1,True,False,0,,14,,,2388878,ندا,female,2025-02-23,82,307,4.8,0,0,30,0,1,False,گونه کلا,gonehkola,barbecue|bathroom|cooler|electricity|essentials|firstaidkit|furniture|heating|islamictoilet|jacuzzi|kitchen|parking|refrigerator|stave|table|toilet|tv|vacuumcleaner|water,حیاط دار|مهمان نواز,36.3298,52.7811,"[{""percent"": 10, ""type"": ""duration"", ""min_nights"": 10}]"
3223870,اجاره کلبه چوبی استخردار در بابلکنار - گونه کلا,https://www.jajiga.com/room/3223870,inactive,1,50,200,0,4,6,"[{'space_id': 1, 'single': 0, 'double': 1, 'mattress': 2, 'sofa_bed': 0, 'etc': 'مبلمان تخت خواب شو 2 نفره'}, {'space_id': 0, 'single': 0, 'double': 0, 'mattress': 0, 'sofa_bed': 0, 'etc': 'مبل تخت شو دو نفره'}]",1,,5000000,500000,hard,False,False,False,False,20,20,4.9,20,5,5,4.7,4.8,5,4.7,True,False,0,,34,,,1620901,سید میثم,male,2022-11-27,0,445,,0,0,30,1,0,False,گونه کلا,gonehkola,barbecue|bathroom|cooler|electricity|essentials|furniture|hairdryer|heating|islamictoilet|janitor|kitchen|parking|pool|refrigerator|stave|table|toilet|tv|vacuumcleaner|water,استخر آب گرم|استخر سرپوشیده,36.3349,52.7846,"[{""percent"": 5, ""type"": ""duration"", ""min_nights"": 3}, {""percent"": 10, ""type"": ""duration"", ""min_nights"": 10}]"
3240990,کلبه سوئیسی استخردار در بابلکنار - گونه کلا,https://www.jajiga.com/room/3240990,active,1,80,200,0,5,6,"[{'space_id': 1, 'single': 0, 'double': 1, 'mattress': 0, 'sofa_bed': 0, 'etc': ''}, {'space_id': 0, 'single': 0, 'double': 1, 'mattress': 0, 'sofa_bed': 0, 'etc': ''}]",1,,5900000,750000,middle,False,True,False,False,18,20,4.3,11,4.3,5,3.7,4.2,4.8,3.5,True,False,0,,28,,,2187926,حسین,male,2024-08-19,74,199,5,13,4,30,1,0,False,گونه کلا,gonehkola,barbecue|bathroom|cooler|drawer|electricity|essentials|furniture|heating|islamictoilet|kitchen|parking|pool|refrigerator|stave|table|tv|vacuumcleaner|water,استخر آب گرم|استخر روباز,36.3306,52.7892,"[{""percent"": 10, ""type"": ""duration"", ""min_nights"": 3}, {""percent"": 20, ""type"": ""duration"", ""min_nights"": 7}]"
3228478,کلبه سوئیسی استخردار در بابلکنار - گونه کلا,https://www.jajiga.com/room/3228478,active,2,200,1000,0,4,6,"[{'space_id': 1, 'single': 0, 'double': 1, 'mattress': 0, 'sofa_bed': 0, 'etc': ''}, {'space_id': 2, 'single': 0, 'double': 1, 'mattress': 0, 'sofa_bed': 0, 'etc': ''}, {'space_id': 0, 'single': 0, 'double': 0, 'mattress': 4, 'sofa_bed': 0, 'etc': ''}]",1,,7000000,1000000,hard,True,True,False,False,22,20,4.8,31,4.9,4.8,5,4.8,4.9,4.9,True,False,0,,42,,,2082232,شهریار,male,2024-04-21,98,72,4.8,40,12,30,1,0,False,گونه کلا,gonehkola,barbecue|bathroom|cooler|drawer|electricity|essentials|fireextingu|firstaidkit|foosball|furniture|heating|islamictoilet|kitchen|parking|pool|refrigerator|stave|table|toilet|tv|vacuumcleaner|water,خوش منظره|مهمان نواز|استخر آب گرم|استخر سرپوشیده,36.3357,52.7773,[]
3240255,کلبه سوئیسی استخردار در بابلکنار - گونه کلا,https://www.jajiga.com/room/3240255,active,3,180,400,0,6,10,"[{'space_id': 1, 'single': 0, 'double': 1, 'mattress': 0, 'sofa_bed': 0, 'etc': ''}, {'space_id': 2, 'single': 0, 'double': 1, 'mattress': 0, 'sofa_bed': 0, 'etc': ''}, {'space_id': 3, 'single': 0, 'double': 1, 'mattress': 0, 'sofa_bed': 0, 'etc': ''}, {'space_id': 0, 'single': 0, 'double': 0, 'mattress': 4, 'sofa_bed': 0, 'etc': ''}]",1,,8100000,1000000,hard,True,False,False,False,24,50,4.7,54,4.9,4.8,4.7,4.5,4.8,4.4,True,False,0,,38,,,1501067,سید ابراهیم,male,2022-07-26,94,365,4.8,13,4,30,1,0,False,گونه کلا,gonehkola,barbecue|bathroom|cooler|drawer|electricity|essentials|fireextingu|firstaidkit|foosball|furniture|heating|islamictoilet|janitor|kitchen|parking|pool|refrigerator|stave|table|toilet|tv|vacuumcleaner|washer|water,مهمان نواز|استخر آب گرم|استخر سرپوشیده,36.3353,52.789,[]
3292527,کلبه جنگلی استخردار در گونه کلا - ۳ خوابه,https://www.jajiga.com/room/3292527,active,3,256,349,0,6,8,"[{'space_id': 1, 'single': 0, 'double': 1, 'mattress': 0, 'sofa_bed': 0, 'etc': ''}, {'space_id': 2, 'single': 0, 'double': 1, 'mattress': 0, 'sofa_bed': 0, 'etc': ''}, {'space_id': 3, 'single': 0, 'double': 1, 'mattress': 0, 'sofa_bed': 0, 'etc': ''}, {'space_id': 0, 'single': 0, 'double': 0, 'mattress': 2, 'sofa_bed': 0, 'etc': ''}]",1,,8500000,1500000,hard,True,True,False,False,20,20,5,15,5,5,5,5,5,4.8,True,False,0,,30,,,2984721,احمدرضا,male,2026-03-14,100,118,5,47,14,30,1,0,False,گونه کلا,gonehkola,bathroom|cooler|electricity|essentials|foosball|furniture|hairdryer|heating|islamictoilet|janitor|kitchen|parking|pool|refrigerator|stave|table|toilet|tv|vacuumcleaner|water,مهمان نواز|استخر آب گرم|استخر سرپوشیده,36.3384,52.7899,"[{""percent"": 10, ""type"": ""duration"", ""min_nights"": 5}, {""percent"": 20, ""type"": ""duration"", ""min_nights"": 10}]"
