شناسه,لینک_مستقیم,عنوان,روستا,روستا_مطمئن,دسته_پرونده,نوع_مبهم,نوع_کلبه_از_API,متراژ_بنا_م2,متراژ_زمین_م2,تعداد_اتاق_خواب,ظرفیت_پایه,ظرفیت_حداکثر,امتیاز_کلی,تعداد_نظرات_API,امتیاز_دقت,امتیاز_ارتباط,امتیاز_پاکیزگی,امتیاز_موقعیت,امتیاز_تحویل,امتیاز_ارزش,تاریخ_اولین_نظر,تاریخ_آخرین_نظر,نشان_ها,میزبان_نام,میزبان_عضویت_از,میزبان_نرخ_پذیرش_درصد,میزبان_زمان_پاسخ_دقیقه,حداقل_شب,حداکثر_شب,شرایط_لغو,ملک_دربست_یا_مشترک,هزینه_نفر_اضافه_تومان,جکوزی,محل_جکوزی,استخر,گرمایش_استخر,چشم_انداز_جنگل,چشم_انداز_رودخانه,حیاط_اختصاصی_محصور,حریم_خصوصی,حضور_میزبان_یا_واحد_دیگر,پارکینگ,کیفیت_مسیر,اینترنت_وای_فای,سرمایش,گرمایش,حیوان_خانگی,موقعیت_توضیح,طول_جغرافیایی,عرض_جغرافیایی,وضعیت_API,منابع_شناسایی
3149749,/room/3149749,سوئیت در سیدکلا بابلکنار - همکف,سیدکلا,بله,other,,کلبه، اقامتگاه بوم‌گردی، سوئیت,40,6000,0,4,4,4.6,20,4.8,4.5,4,4.5,5,4.5,2020-08-19,2026-06-23,اقامتگاه پلاس؛ رزرو فوری؛ میزبان منظم؛ ویدیو دارد,میراحسان,2019-12-09,98,146,1,,متوسط,مشترک (فضای مشترک با میزبان یا مهمان دیگر),0,,,,,,,ذکر شده,,مشترک (فضای مشترک با میزبان یا مهمان دیگر),ذکر شده,,,یک دستگاه اسپلیت ۱۲۰۰۰ در پذیرایی,یک شعله بخاری گازی در پذیرایی,پذیرش (قانون صریح),,52.7827,36.3134,active,cabins، db، search، sweep
3150936,/room/3150936,خانه روستایی جنگلی در بابلکنار - جاجن - ط۲,بابلکنار,نامطمئن,other,,آپارتمان، خانه روستایی,60,800,0,2,6,4.1,9,4.2,4.2,4,4.1,4.2,3.7,2021-11-17,2026-03-23,,علی,2020-06-11,56,597,1,,متوسط,مشترک (فضای مشترک با میزبان یا مهمان دیگر),400000,,,,,,,ذکر شده,,مشترک (فضای مشترک با میزبان یا مهمان دیگر),,,,یک دستگاه کولر اسپیلت 12000 در پذیرایی,یک شعله بخاری گازی در پذیرایی,پذیرش (قانون صریح),,52.7038,36.2954,active,db
3156478,/room/3156478,رزرو سوئیت جنگلی در بابلکنار - گونه کلا,گونه کلا,بله,other,,سوئیت,60,6000,1,2,6,,0,,,,,,,,,,بهادر,2021-04-26,8,109,1,,متوسط,مشترک (فضای مشترک با میزبان یا مهمان دیگر),500000,,,,,,,,مست حدود ۴۵ کیلومتر و تا روستای زیبای آلاشت نیز حدود ۶۵ کیلومتر,مشترک (فضای مشترک با میزبان یا مهمان دیگر),ذکر شده,,,,یک شعله بخاری گازی در پذیرایی,پذیرش (قانون صریح),,52.7787,36.3357,active,cabins، db
3157383,/room/3157383,ویلا با جکوزی در سوادکوه - شیردارکلا,شیردارکلا,بله,other,,ویلا,260,550,3,6,15,4.6,25,4.8,5,4.2,4.8,4.8,4,2021-07-28,2026-06-17,اقامتگاه پلاس؛ لوکس,کاوه,2021-06-07,79,153,1,,سخت,دربست,1500000,دارد,6 نفره,,,ذکر شده,,,,,ذکر شده,,,یک دستگاه اسپیلت ۳۰۰۰۰ در پذیرایی طبقه بالا و پایین,یک شعله بخاری گازی در پذیرایی طبقه بالا و پایین و یک بخاری برقی در اتاق خواب طبقه پایین و یک دستگاه بخاری برقی در یک اتاق خواب طبقه بالا,پذیرش (قانون صریح),,52.7751,36.3377,active,cabins، db
3158858,/room/3158858,خانه روستایی در بابلکنار - رئیس کلا,رئیسکلا,بله,other,,خانه روستایی,36,70,1,4,6,4.9,130,4.9,5,5,4.8,5,5,2021-10-06,2026-09-01,اقامتگاه پلاس,عزیزاله,2021-10-03,93,238,1,,متوسط,دربست,200000,,,,,,,ذکر شده,مست نیز حدود ۴۵ کیلومتر می باشد,,ذکر شده,,,یک دستگاه اسپیلت در پذیرایی,دو شعله بخاری گازی در پذیرایی و اتاق خواب,پذیرش (قانون صریح),,52.7426,36.3713,active,db
3162698,/room/3162698,اجاره خانه روستایی در بابل - درازکلا,درازکلا,بله,other,,ویلا,80,3000,1,4,8,4.6,7,4.9,5,3.6,4.6,5,4.9,2022-04-29,2026-04-06,رزرو فوری,حسین,2022-02-19,94,450,1,,متوسط,دربست,500000,,,,,ذکر شده,,,دنج با حیاط ۳۰۰۰ متری در روستای یکشوب درازکلا واقع شده است,,ذکر شده,,,اسپلیت ۱۸ هزار موجود است.,بخاری گازی و بخاری برقی موجود است.,پذیرش (قانون صریح),,52.6825,36.3306,active,db
3168264,/room/3168264,رزرو خانه روستایی در لفور سوادکوه - امام کلا,لفور,بله,other,,کلبه، خانه روستایی,100,1000,1,4,8,4.7,31,4.7,4.7,4.3,4.8,5,4.6,2022-07-07,2026-06-02,اقامتگاه پلاس,سبحان,2022-06-01,72,238,1,,متوسط,مشترک (فضای مشترک با میزبان یا مهمان دیگر),500000,,,,,,,ذکر شده,,مشترک (فضای مشترک با میزبان یا مهمان دیگر),ذکر شده,,,,یک شعله بخاری گازی در پذیرایی و یک شعله بخاری گازی در اتاق خواب,پذیرش (قانون صریح),,52.7015,36.1947,active,corpus
3169804,/room/3169804,اجاره ویلا استخردار در بابلکنار,بابلکنار,نامطمئن,other,,ویلا,120,200,2,4,10,4.7,96,4.7,4.8,4.5,4.8,4.8,4.3,2022-08-03,2026-05-27,اقامتگاه پلاس,سید ابراهیم,2022-07-26,93,319,1,,سخت,دربست,800000,,,دارد,,,,ذکر شده,دنج و آرام از روستای گونه کلا و با فاصله حدود ۱۱ کیلومتری از مر,,ذکر شده,,,سالن پذیرایی یک اسپلیت ۲۴۰۰۰ دارد.,سالن پذیرایی و دو اتاق خواب هر کدام یک بخاری گازی دارند و استخر به گرمایش از کف مجهز است.,پذیرش (قانون صریح),,52.7853,36.334,active,db
3177219,/room/3177219,خانه ویلایی در بابلکنار - درازکلا,درازکلا,بله,other,,خانه روستایی، ویلا,60,200,1,2,4,4.5,30,4.1,4.8,4.3,4.1,4.9,4.6,2023-02-08,2026-09-01,,مهدی,2022-10-04,100,179,1,,متوسط,دربست,200000,,,,,ذکر شده,,ذکر شده,,,ذکر شده,,ذکر شده,یک دستگاه اسپیلت ۱۲۰۰۰ در پذیرایی و اتاق خواب موجود در حیاط,بخاری گازی,پذیرش (قانون صریح),,52.7031,36.3087,active,db
3178910,/room/3178910,ویلا استخردار در بابلکنار - سیدکلا,سیدکلا,بله,other,,ویلا,200,700,2,6,9,4.8,40,4.6,4.9,4.6,4.9,5,4.5,2022-11-16,2026-06-22,اقامتگاه پلاس؛ رزرو فوری,محمد,2022-11-07,100,177,1,,متوسط,دربست,700000,,,دارد,استخر آبگرم در یک ساختمان دو طبقه و در روستای خوش آ,,,ذکر شده,,,ذکر شده,,,یک دستگاه اسپلیت ۳۰۰۰۰ در پذیرایی,یک شعله بخاری گازی در پذیرایی، یک شعله بخاری گازی در هر دو اتاق خواب,پذیرش (قانون صریح),,52.783,36.3126,active,cabins، db
3180480,/room/3180480,اجاره ویلا در پارک جنگلی بزچفت - طبقه همکف,بزچفت,بله,other,,ویلا,95,1200,2,4,7,4.2,5,4,4.6,3.6,4.6,4.8,3.8,2023-12-13,2025-06-03,,احمد,2023-01-10,100,475,2,,متوسط,مشترک (فضای مشترک با میزبان یا مهمان دیگر),500000,,,,,,,ذکر شده,,مشترک (فضای مشترک با میزبان یا مهمان دیگر),ذکر شده,,,یک دستگاه اسپلیت ۳۶۰۰۰ در پذیرایی,یک شعله بخاری گازی در پذیرایی، یک شعله بخاری گازی در هر دو اتاق خواب,پذیرش (قانون صریح),,52.7774,36.3732,active,db
3183378,/room/3183378,اجاره سوئیت در بابلکنار - مرزیکلا,مرزیکلا,بله,other,,آپارتمان، سوئیت,50,80,1,2,6,4.8,117,4.8,5,4.7,4.6,4.8,4.7,2023-04-21,2026-08-25,اقامتگاه پلاس,رضا,2023-02-12,89,192,1,,متوسط,مشترک (فضای مشترک با میزبان یا مهمان دیگر),200000,,,,,,,ذکر شده,مستر با حیاطی دلباز و چشم انداز شالیزار و طبیعت در طبقه اول یک ,مشترک (فضای مشترک با میزبان یا مهمان دیگر),ذکر شده,,,یک دستگاه اسپلیت دو منظوره ۱۸۰۰۰ در پذیرایی,یک شعله بخاری گازی در پذیرایی,پذیرش (قانون صریح),,52.7361,36.3626,active,db
3184319,/room/3184319,خانه تراس دار در بابلکنار - نزدیک مرزیکلا,مرزیکلا,بله,other,,ویلا,70,200,0,4,8,4.3,23,4.2,4.8,4,4,4.8,4.2,2023-03-27,2026-08-27,,پیام,2023-02-26,75,384,1,,متوسط,مشترک (فضای مشترک با میزبان یا مهمان دیگر),500000,,,,,,,ذکر شده,,مشترک (فضای مشترک با میزبان یا مهمان دیگر),ذکر شده,,,,بخاری گازی دارند.,پذیرش (قانون صریح),,52.7465,36.3754,active,db
3184681,/room/3184681,سوئیت حیاط دار در بابلکنار - درونکلای شرقی,درونکلا,بله,other,,ویلا,70,300,1,4,6,4.1,6,3.7,4.7,4,4.2,4.8,3.3,2023-12-06,2025-09-09,,فرزین,2023-04-15,33,518,1,,متوسط,دربست,400000,,,,,,,ذکر شده,دنج از روستای درونکلا و در جاده گنج افروز با فاصله حدود ۲۰ کیلو,,ذکر شده,,,سالن پذیرایی اسپلیت ۱۸۰۰۰دارد.,سالن پذیرایی بخاری گازی دارد.,پذیرش (قانون صریح),,52.7364,36.3932,active,db
3186780,/room/3186780,ویلا استخردار در بابلکنار - کاردرکلا,کاردرکلا,بله,other,,ویلا,150,3000,2,4,6,4.6,19,4.6,4.7,4.3,4.7,4.9,4.3,2024-09-15,2026-08-13,اقامتگاه پلاس,محمد,2024-04-27,73,410,1,,متوسط,دربست,800000,دارد,4 نفره,دارد,,,,ذکر شده,دنج و سرسبز در جاده لفور در روستای خوش آب و هوای کاردرکلا با فا,,ذکر شده,,,یک دستگاه اسپلیت 24000 در پذیرایی,پکیج - شوفاژ,پذیرش (قانون صریح),,52.7575,36.3083,active,cabins، db
3187135,/room/3187135,ویلا در بابلکنار - شیردارکلا,شیردارکلا,بله,other,,ویلا,130,1000,2,5,8,4.6,18,4.5,4.9,4.1,4.7,5,4.5,2023-09-22,2026-06-02,اقامتگاه پلاس,پیمان,2023-09-03,95,246,1,,متوسط,دربست,300000,,,,,,,ذکر شده,مستر است با دسترسی 5 پله دارای ایوان دنج با تخت سنتی و حیاطی دل,,ذکر شده,,,یک دستگاه کولر اسپلیت ۲۴۰۰۰ در پذیرایی و یک دستگاه کولر اسپیلت ۱۶۰۰۰ در یک اتاق خواب,یک شعله بخاری گازی در پذیرایی و یک شعله بخاری گازی در یک اتاق خواب و یک شعله بخاری برقی در اتاق خواب دیگر,پذیرش (قانون صریح),,52.7731,36.3389,active,cabins، db
3193646,/room/3193646,اجاره ویلا در بابلکنار - سیدکلا,سیدکلا,بله,other,,ویلا,84,150,1,3,6,5,8,5,5,5,5,5,5,2023-06-28,2026-03-06,,امیرحسین,2023-06-20,13,486,1,,متوسط,مشترک (فضای مشترک با میزبان یا مهمان دیگر),350000,دارد,4 نفره,,,,,ذکر شده,,مشترک (فضای مشترک با میزبان یا مهمان دیگر),ذکر شده,,,اسپیلت ۲۴۰۰۰ یک دستگاه در پذیرایی,یک شعله بخاری گازی در پذیرایی و یک شعله شومینه اتاق خواب,پذیرش (قانون صریح),,52.7894,36.3116,active,cabins، db
3193739,/room/3193739,سوئیت دو خوابه در بابلکنار - نزدیک مرزیکلا,مرزیکلا,بله,other,,کلبه، سوئیت,60,700,2,4,4,5,5,5,5,5,5,5,5,2024-05-01,2025-12-31,,فتحعلی,2019-06-20,100,84,1,,متوسط,مشترک (فضای مشترک با میزبان یا مهمان دیگر),300000,,,,,,,,مستر دارد، با حیاطی دلباز و دسترسی حدود ۵ پله در مجموعه ای اقام,مشترک (فضای مشترک با میزبان یا مهمان دیگر),ذکر شده,,,یک دستگاه اسپلیت ۲۴۰۰۰ در پذیرایی,یک شعله بخاری گازی در پذیرایی,پذیرش (قانون صریح),,52.739,36.3544,active,db، sweep
3193912,/room/3193912,خانه تراسدار در جاده گنج افروز - درونکلا شرقی,درونکلا,بله,other,,آپارتمان، ویلا,100,6000,1,6,7,4.8,26,4.8,4.9,5,4.7,5,4.7,2023-05-11,2026-05-22,,عاطفه,2023-04-25,89,269,1,,متوسط,مشترک (فضای مشترک با میزبان یا مهمان دیگر),300000,,,,,,,ذکر شده,دنج از روستای درونکلا شرقی و در جاده گنج افروز با فاصله حدود ۲۰,مشترک (فضای مشترک با میزبان یا مهمان دیگر),ذکر شده,,,یک دستگاه اسپیلت ۲۴۰۰۰ در پذیرایی,رادیاتور و بخاری برقی,,,52.7212,36.3843,active,db
3194026,/room/3194026,سوئیت حیاط دار بابلکنار - نزدیک مرزیکلا,مرزیکلا,بله,other,,کلبه، سوئیت,80,600,2,4,4,4.9,3,5,5,4.7,4.7,5,5,2024-04-09,2026-08-06,,فتحعلی,2019-06-20,100,84,1,,متوسط,مشترک (فضای مشترک با میزبان یا مهمان دیگر),300000,,,,,,,,مستر دارد، با حیاطی دلباز و دسترسی حدود ۱۰ پله در مجموعه ای اقا,مشترک (فضای مشترک با میزبان یا مهمان دیگر),ذکر شده,,,یک دستگاه اسپلیت ۲۴۰۰۰ در پذیرایی,یک شعله بخاری گازی در پذیرایی,پذیرش (قانون صریح),,52.7391,36.3541,active,db، sweep
3194756,/room/3194756,اجاره خانه تراس دار در بابلکنار - کاردرکلا,کاردرکلا,بله,other,,ویلا,120,1200,2,4,10,4.6,40,4.8,4.7,4.7,4.6,5,4,2023-06-23,2026-08-13,اقامتگاه پلاس؛ رزرو فوری,خدیجه,2023-05-13,97,174,1,,متوسط,دربست,600000,,,,,,,ذکر شده,دنج و تراس با چشم انداز زیبا در روستای خوش آب و هوا کاردرکلا و ,,ذکر شده,,,اسپیلت ۱۸۰۰۰ یک دستگاه در پذیرایی,یک شعله بخاری گازی در پذیرایی و یک شعله در اتاق خواب,پذیرش (قانون صریح),,52.7631,36.3043,active,cabins، db
3195049,/room/3195049,خانه روستایی در بابلکنار - کاردرکلا,کاردرکلا,بله,other,,خانه روستایی,50,5000,0,2,4,4.9,20,4.8,5,5,5,5,4.8,2023-06-17,2026-08-26,اقامتگاه پلاس؛ رزرو فوری,خدیجه,2023-05-13,97,196,1,,متوسط,دربست,500000,,,,,,,ذکر شده,دنج و سرسبز در جاده لفور در روستای خوش آب و هوای کاردرکلا واقع ,,ذکر شده,,,یک دستگاه اسپلیت ۱۲۰۰۰,یک شعله بخاری گازی,پذیرش (قانون صریح),,52.7574,36.2898,active,cabins، db
3195053,/room/3195053,خانه روستایی دوبلکس در بابلکنار - کاردرکلا,کاردرکلا,بله,other,,خانه روستایی,90,5000,2,4,8,4.5,4,4.8,4.3,4.8,4.3,5,4.3,2023-10-25,2026-07-16,,خدیجه,2023-05-13,97,174,1,,متوسط,مشترک (فضای مشترک با میزبان یا مهمان دیگر),620000,,,,,,,ذکر شده,دنج و سرسبز در جاده لفور در روستای خوش آب و هوای کاردرکلا واقع ,مشترک (فضای مشترک با میزبان یا مهمان دیگر),ذکر شده,,,یک دستگاه اسپلیت ۱۸۰۰۰ در پذیرایی,یک شعله بخاری گازی در پذیرایی، یک شعله بخاری گازی در یک اتاق خواب,پذیرش (قانون صریح),,52.756,36.29,active,cabins، db
3195057,/room/3195057,خانه ویلایی در لفور - امام کلا,لفور,بله,other,,کلبه، ویلا,60,500,1,4,6,4.8,40,4.8,4.9,4.9,4.5,4.9,4.7,2023-06-01,2026-08-25,اقامتگاه پلاس؛ رزرو فوری,رامین,2023-05-21,94,280,1,,متوسط,مشترک (فضای مشترک با میزبان یا مهمان دیگر),500000,,,,,,,ذکر شده,,مشترک (فضای مشترک با میزبان یا مهمان دیگر),ذکر شده,,,اسپیلت ۱۲۰۰۰ یک دستگاه در پذیرایی,سالن پذیرایی و اتاق خواب بخاری گازی دارد.,پذیرش (قانون صریح),,52.7006,36.1887,active,corpus
3196488,/room/3196488,اجاره خانه ویلایی در بابلکنار - چهره,چهره,بله,other,,کلبه، خانه روستایی، ویلا,40,100,1,4,6,4.9,12,4.7,4.8,4.8,5,5,5,2024-05-14,2026-08-19,,سعید,2023-05-18,23,248,1,,آسان,مشترک (فضای مشترک با میزبان یا مهمان دیگر),200000,,,,,ذکر شده,,ذکر شده,,مشترک (فضای مشترک با میزبان یا مهمان دیگر),ذکر شده,,,یک دستگاه اسپیلت ۱۲۰۰۰ در بالا,یک شعله بخاری گازی در پذیرایی,پذیرش (قانون صریح),,52.7177,36.3464,active,db، sweep
3197092,/room/3197092,خانه تراس دار در بابلکنار - کاردرکلا,کاردرکلا,بله,other,,ویلا,120,2000,2,4,8,4.9,18,5,5,4.9,5,5,4.7,2023-08-02,2026-08-27,اقامتگاه پلاس,یوسف,2023-05-29,95,106,1,,متوسط,مشترک (فضای مشترک با میزبان یا مهمان دیگر),500000,,,,,,,ذکر شده,دنج و چشم اندازی زیبا و سرسبز در طبقه دوم یک ساختمان دو طبقه در,مشترک (فضای مشترک با میزبان یا مهمان دیگر),ذکر شده,,,یک دستگاه اسپیلت ۲۴۰۰۰ در پذیرایی,یک شعله بخاری گازی در پذیرایی، یک شعله بخاری گازی در هر دو اتاق خواب,پذیرش (قانون صریح),,52.7619,36.3013,active,cabins، db
3199105,/room/3199105,کلبه چوبی با وان جکوزی در بابلکنار - هلی خال,,نامطمئن,other,,کلبه، کلبه سوئیسی، ویلا، کلبه چوبی,50,250,1,2,2,4.8,10,5,5,4.4,4.6,5,4.6,2023-09-29,2026-08-08,,علی,2022-07-23,74,268,1,,متوسط,مشترک (فضای مشترک با میزبان یا مهمان دیگر),200000,دارد,وان جکوزی,,,ذکر شده,,,دنج و طراحی داخلی چوب و سنگ در محیطی جنگلی در روستای هلی خال من,مشترک (فضای مشترک با میزبان یا مهمان دیگر),ذکر شده,,,یک دستگاه اسپلیت ۱۲۰۰۰ در اتاق خواب طبقه بالا,یک شعله بخاری گازی در پذیرایی,پذیرش (قانون صریح),,52.7049,36.3323,active,db، sweep
3200148,/room/3200148,اجاره ویلا در بابلکنار - کاردرکلا,کاردرکلا,بله,other,,ویلا,100,1500,1,4,10,4.8,11,4.9,4.7,5,4.6,4.9,4.5,2023-10-11,2025-11-19,,محمد,2023-08-06,47,194,1,,متوسط,مشترک (فضای مشترک با میزبان یا مهمان دیگر),600000,,,,,,,ذکر شده,,مشترک (فضای مشترک با میزبان یا مهمان دیگر),ذکر شده,,,اسپیلت ۲۴۰۰۰ یک دستگاه در پذیرایی,یک شعله بخاری گازی در پذیرایی,پذیرش (قانون صریح),,52.7692,36.3048,active,cabins، db
3200222,/room/3200222,اجاره ویلا استخردار در بابلکنار - کلاریکلا,کلاریکلا,بله,other,,ویلا,120,160,1,4,6,4,39,4.1,4.2,3.9,3.8,4.6,3.7,2023-12-13,2026-06-27,,امیر,2023-07-31,75,292,1,,سخت,دربست,400000,,,دارد,استخر آبگرم سرپوشیده و بالکنی با چشم انداز زیبا در ,,,ذکر شده,,,ذکر شده,,,یک دستگاه اسپلیت ۲۴ هزار در پذیرایی,پکیج - رادیاتور و یک شعله بخاری گازی در پذیرایی,,,52.714,36.3644,active,db
3200473,/room/3200473,ویلا در بابل - درازکلا,درازکلا,بله,other,,ویلا,90,1000,1,2,6,4.4,10,4.5,4.9,4,3.6,4.9,4.4,2024-10-09,2026-07-22,,مجتبی,2023-07-05,92,355,1,,متوسط,دربست,150000,,,,,,,ذکر شده,,,ذکر شده,,,,یک شعله بخاری گازی در پذیرایی,پذیرش (قانون صریح),,52.7107,36.34,active,db
3200572,/room/3200572,اجاره سوئیت در بابل - مرزیکلا,مرزیکلا,بله,other,,سوئیت,60,90,1,2,6,4.9,4,5,5,5,4.5,5,4.8,2023-10-23,2024-11-06,,عرشیا,2023-07-03,57,150,1,,متوسط,دربست,300000,,,,,,,ذکر شده,,,,,,یک دستگاه اسپیلت ۳۰۰۰۰ در پذیرایی,یک شعله بخاری گازی در پذیرایی,پذیرش (قانون صریح),,52.7505,36.362,active,db
3202125,/room/3202125,خانه ویلایی در بابلکنار - نزدیک مرزیکلا,مرزیکلا,بله,other,,ویلا,90,2000,0,2,4,4.9,17,4.9,4.9,4.9,4.8,4.9,4.9,2023-08-10,2026-08-26,,فخرالدین,2023-07-23,98,234,1,,متوسط,مشترک (فضای مشترک با میزبان یا مهمان دیگر),600000,,,,,,,ذکر شده,,مشترک (فضای مشترک با میزبان یا مهمان دیگر),ذکر شده,,,یک دستگاه اسپلیت ۱۲۰۰۰ در طبقه بالا,یک شعله بخاری گازی در طبقه پایین و یک شعله بخاری گازی در طبقه بالا,پذیرش (قانون صریح),,52.7451,36.3759,active,db
3202974,/room/3202974,ویلا تراس دار در جاده گنج افروز - درونکلا شرقی,درونکلا,بله,other,,آپارتمان، ویلا,150,7000,1,6,10,4.9,6,5,5,5,4.8,5,4.8,2023-09-23,2026-08-25,اقامتگاه خاص,عاطفه,2023-04-25,89,269,1,,متوسط,مشترک (فضای مشترک با میزبان یا مهمان دیگر),300000,,,,,,,ذکر شده,,مشترک (فضای مشترک با میزبان یا مهمان دیگر),ذکر شده,,,یک دستگاه اسپلیت ایستاده ۳۶۰۰۰ در پذیرایی,رادیاتور و بخاری برقی,,,52.7212,36.3843,active,db
3205914,/room/3205914,اجاره خانه روستایی در بابلکنار - سیادرکا,سیادرکا,بله,other,,خانه روستایی,80,500,1,3,6,4.9,9,4.8,5,5,4.9,5,4.7,2024-04-02,2026-07-04,,محمد,2023-09-17,25,115,1,,متوسط,دربست,250000,,,,,,,ذکر شده,مست و پارک جنگلی جوارم از جاذبه های دیدنی و گردشگری قابل دسترسی,,,,,یک دستگاه اسپیلت ۱۲۰۰۰ در پذیرایی,یک شعله بخاری گازی در پذیرایی و یک دستگاه بخاری برقی,پذیرش (قانون صریح),,52.7516,36.3614,active,db
3209150,/room/3209150,خانه ویلایی در بابلکنار - درونکلا شرقی,درونکلا,بله,other,,خانه روستایی,90,1000,2,6,9,4.7,19,4.9,5,4.6,4.4,4.6,4.6,2023-10-23,2026-04-15,اقامتگاه پلاس,بطول,2023-10-09,84,527,1,,متوسط,private_room,150000,,,,,,,ذکر شده,مستر است با حیاطی درختکاری شده، سرسبز و دلباز با دسترسی حدود ۱۰,,ذکر شده,,,یک دستگاه اسپلیت ۳۰۰۰۰ در پذیرایی,یک شعله بخاری گازی در پذیرایی و دو دستگاه بخاری برقی,,,52.7254,36.3846,active,db
3209639,/room/3209639,اجاره سوئیت حیاط دار در بابل - درازکلا,درازکلا,بله,other,,سوئیت، ویلا,70,200,1,4,6,4.7,16,4.8,5,3.8,4.8,5,4.8,2024-01-19,2026-08-27,اقامتگاه پلاس,محمد,2023-10-21,75,313,1,,متوسط,دربست,100000,,,,,ذکر شده,,ذکر شده,,,ذکر شده,,,یک دستگاه کولر پنجره ای ۲۴۰۰۰ در پذیرایی,یک شعله بخاری گازی در پذیرایی,,,52.6904,36.3267,active,db
3210905,/room/3210905,خانه ویلایی در بابلکنار - درازکلا,درازکلا,بله,other,,ویلا,200,500,1,4,6,4,8,3.7,4.8,2.8,4.7,5,2.8,2023-12-13,2026-06-03,,امیر,2023-11-21,42,6,1,,متوسط,دربست,300000,,,,,,,ذکر شده,دنج در روستای درازکلا از منطقه بابلکنار و با فاصله حدود ۲۵ کیلو,,ذکر شده,,,,یک شعله بخاری گازی در پذیرایی و یک شعله در اتاق خواب,پذیرش (قانون صریح),,52.7177,36.3208,active,db
3214789,/room/3214789,ویلا در جاده گنج افروز - بالف کلا شرقی - و ۲,بالفکلا,بله,other,,کلبه، ویلا,80,200,1,4,8,4.2,21,4,4.5,4.1,4.1,4.4,4.1,2024-01-17,2026-08-08,,شهرام,2024-01-03,61,469,1,,سخت,دربست,300000,,,,,,,ذکر شده,دنج و سرسبز در روستای بالف کلا شرقی مسیر جاده گنج افروز واقع شد,,ذکر شده,,,یک دستگاه اسپلیت ۲۴۰۰۰ در پذیرایی,پکیج - رادیاتور,,,52.7512,36.3433,active,db، sweep
3214838,/room/3214838,ویلا در جاده گنج افروز - بالف کلا شرقی - و ۱,بالفکلا,بله,other,,کلبه، ویلا,80,200,1,4,8,4.2,2,3.5,4.5,4.5,3.5,5,4,2024-05-15,2025-06-16,,شهرام,2024-01-03,61,476,1,,سخت,مشترک (فضای مشترک با میزبان یا مهمان دیگر),300000,,,,,,,ذکر شده,دنج و سرسبز در روستای بالف کلا شرقی مسیر جاده گنج افروز واقع شد,مشترک (فضای مشترک با میزبان یا مهمان دیگر),ذکر شده,,,یک دستگاه اسپلیت ۲۴۰۰۰ در پذیرایی,پکیج - رادیاتور,,,52.7512,36.3433,active,db، sweep
3214884,/room/3214884,خانه ویلایی در بابلکنار - ممرزکن,ممرزکن,بله,other,,کلبه,42,150,1,2,5,4.9,60,4.9,5,4.7,4.9,5,4.8,2024-01-10,2026-07-18,اقامتگاه پلاس,رحمان,2024-01-07,90,153,1,,سخت,دربست,395000,,,,,,,,,,ذکر شده,,,یک دستگاه اسپیلت 9000 در پذیرایی,یک شعله بخاری گازی در پذیرایی و یک دستگاه بخاری برقی در اتاق خواب,پذیرش (قانون صریح),,52.7008,36.264,active,corpus، db، sweep
3215121,/room/3215121,اجاره خانه ویلایی در بابلکنار - کلاریکلا,کلاریکلا,بله,other,,ویلا,120,600,2,4,12,4.6,23,4.7,4.7,4.4,4.4,4.8,4.7,2024-05-01,2026-08-29,اقامتگاه پلاس,امیر,2024-01-11,80,184,1,,متوسط,دربست,300000,,,,,,,ذکر شده,,,ذکر شده,,,یک دستگاه اسپیلت ۲۸۰۰۰ در پذیرایی و یک دستگاه کولر ۱۲۰۰۰ در اتاق خواب و یک پنکه ایستاده در اتاق خواب دوم,یک شعله بخاری گازی در پذیرایی و یک شعله بخاری گازی در هر اتاق خواب,پذیرش (قانون صریح),,52.7107,36.3624,active,db
3219516,/room/3219516,ویلا دوبلکس استخردار در بابل- سیدکلا,سیدکلا,بله,other,,ویلا,400,5000,3,6,8,4.9,23,5,5,5,4.7,5,4.8,2024-04-06,2026-08-11,اقامتگاه پلاس,عاطفه,2023-09-20,94,432,1,,متوسط,مشترک (فضای مشترک با میزبان یا مهمان دیگر),1500000,دارد,8 نفره,دارد,استخر آبگرم، جکوزی و میز بیلیارد در روستای خوش آب و,,,,,مشترک (فضای مشترک با میزبان یا مهمان دیگر),ذکر شده,,,داکت اسپیلت نانو با تهیه مطبوع در پذیرایی و اتاق خواب ها,یک شعله بخاری گازی در پذیرایی و هر اتاق خواب و یک دستگاه شومینه گازی در پذیرایی,پذیرش (قانون صریح),,52.7948,36.3107,active,cabins، db
3221738,/room/3221738,خانه ویلایی در بابلکنار - مرزیکلا,مرزیکلا,بله,other,,ویلا,130,500,1,4,8,5,9,5,5,5,5,5,4.8,2024-12-10,2026-03-26,اقامتگاه پلاس,محمد,2024-08-13,75,369,1,,متوسط,دربست,500000,,,,,,,ذکر شده,,,ذکر شده,,,کولر گازی پنجره ای در پذیرایی,یک شعله بخاری گازی در پذیرایی و یک شعله بخاری گازی در اتاق خواب,پذیرش (قانون صریح),,52.7388,36.3681,active,db
3223863,/room/3223863,اجاره ویلا در بابلکنار - کبریاکلا - طبقه سوم,کبریاکلا,بله,other,,ویلا,110,3000,2,4,11,5,1,5,5,5,5,5,5,2026-08-11,2026-08-11,,علی,2024-04-25,60,990,1,,سخت,مشترک (فضای مشترک با میزبان یا مهمان دیگر),250000,,,,,,,ذکر شده,مستقر است,مشترک (فضای مشترک با میزبان یا مهمان دیگر),ذکر شده,,,یک دستگاه اسپیلت 30000 در پذیرایی,یک شعله بخاری گازی در پذیرایی و یک شعله بخاری گازی در هر اتاق خواب,,,52.7385,36.326,active,db
3224637,/room/3224637,خانه مبله در بابلکنار - درونکلا شرقی - همکف,درونکلا,بله,other,,ویلا,100,2000,2,4,10,5,11,4.9,5,5,4.9,5,4.9,2025-03-25,2026-09-01,اقامتگاه پلاس,موسی,2024-05-02,70,337,1,,متوسط,مشترک (فضای مشترک با میزبان یا مهمان دیگر),400000,,,,,,,ذکر شده,,مشترک (فضای مشترک با میزبان یا مهمان دیگر),ذکر شده,,,یک دستگاه اسپلیت ۲۴۰۰۰ در پذیرایی,یک شعله بخاری گازی در پذیرایی و یک شعله بخاری گازی در هر اتاق خواب,پذیرش (قانون صریح),,52.7389,36.3917,active,db
3225382,/room/3225382,خانه ویلایی جکوزی دار در بابلکنار - بالف کلا,بالفکلا,بله,other,,ویلا,95,120,1,2,6,4.9,7,5,5,4.9,4.6,5,5,2026-03-20,2026-08-20,اقامتگاه پلاس,قاسم,2026-03-19,78,309,1,,متوسط,دربست,500000,دارد,4 نفره,,,,,ذکر شده,,,,,,یک دستگاه اسپیلت 24000 در پذیرایی,پکیج - رادیاتور,پذیرش (قانون صریح),,52.7527,36.3474,active,db
3227770,/room/3227770,خانه روستایی در بابلکنار - سیدکلا,سیدکلا,بله,other,,خانه روستایی,120,300,1,4,6,5,20,5,5,5,4.9,5,4.8,,,اقامتگاه پلاس؛ رزرو فوری,محمد,2024-05-04,100,7,1,,متوسط,دربست,400000,,,,,,,ذکر شده,دنج، آتشدان در روستای سیدکلا بابلکنار واقع شده است که حدود ۱۵ ک,,ذکر شده,,,یک دستگاه کولر اسپلیت 24000 در پذیرایی و یک دستگاه اسپلیت 12000 در اتاق خواب,یک شعله بخاری گازی در پذیرایی و یک شعله بخاری گازی در اتاق خواب,پذیرش (قانون صریح),,52.7813,36.3174,active,cabins، db
3227798,/room/3227798,ویلا دوبلکس در بابلکنار - بالفکلای شرقی,بالفکلا,بله,other,,ویلا,140,450,2,4,8,4.9,7,5,4.7,4.9,5,5,4.9,,,اقامتگاه پلاس,سیده معصومه,2024-04-04,0,52,1,,سخت,دربست,400000,,,,,,,ذکر شده,مستر به همراه تاب و بالکنی دلباز در روستای خوش آب و هوای بالفکل,,ذکر شده,,,یک دستگاه اسپیلت 24000 در پذیرایی,یک شعله بخاری گازی در پذیرایی و یک شعله بخاری گازی در یک اتاق خواب,پذیرش (قانون صریح),,52.7652,36.341,inactive,db
3227914,/room/3227914,اجاره سوئیت جنگلی در بابلکنار - گونه کلا,گونه کلا,بله,other,,خانه روستایی، سوئیت، ویلا,40,200,1,4,6,4.7,15,4.8,4.7,4.6,4.8,4.8,4.6,,,اقامتگاه پلاس,مختار,2024-05-21,94,264,1,,متوسط,مشترک (فضای مشترک با میزبان یا مهمان دیگر),300000,,,,,ذکر شده,,,دنج با چشم انداز زیبای جنگل های هیرکانی در روستای سرسبز و خوش آ,مشترک (فضای مشترک با میزبان یا مهمان دیگر),ذکر شده,,,یک دستگاه اسپیلت 24000 در پذیرایی,یک شعله بخاری گازی در پذیرایی و یک دستگاه بخاری برقی در اتاق خواب,پذیرش (قانون صریح),,52.7914,36.3341,active,cabins، db
3228452,/room/3228452,خانه مبله در بابلکنار - گونه کلا - طبقه ۲,گونه کلا,بله,other,,ویلا,95,150,1,4,6,4.7,13,4.7,4.7,4.7,4.7,4.8,4.5,,,اقامتگاه پلاس؛ رزرو فوری,ملیکا,2023-09-09,94,49,1,,متوسط,مشترک (فضای مشترک با میزبان یا مهمان دیگر),500000,,,,,,,ذکر شده,,مشترک (فضای مشترک با میزبان یا مهمان دیگر),ذکر شده,,,یک دستگاه اسپلیت 24000 در پذیرایی,یک شعله بخاری گازی در پذیرایی,پذیرش (قانون صریح),,52.7793,36.3267,active,cabins، db
3229283,/room/3229283,خانه ویلایی در بابلکنار - سیادرکا,سیادرکا,بله,other,,ویلا,50,1000,1,2,4,4.7,13,4.8,4.9,4.3,4.8,4.9,4.5,,,,محمدرضا,2024-06-24,53,204,1,,سخت,دربست,500000,,,,,,,ذکر شده,دنج در روستای خوش آب و هوای سیادرکا واقع شده است که حدود ۲ کیلو,,ذکر شده,,,یک دستگاه کولر اسپلیت 12000 در پذیرایی,یک شعله بخاری گازی در پذیرایی و یک شعله بخاری گازی در یک اتاق خواب,پذیرش (قانون صریح),,52.7462,36.369,active,db
3230216,https://www.jajiga.com/room/3230216,ویلا دوبلکس با جکوزی,سیدکلا,بله,other,,,,,,,,,,,,,,,,,,,,,,,,,,,,,,,,,,,,,,,,,,,,,,خطا 404,cabins، db
3230782,/room/3230782,خانه روستایی در بابلکنار - درازکلا,درازکلا,بله,other,,خانه روستایی، ویلا,60,150,1,2,5,5,21,5,5,4.9,4.9,5,4.9,,,اقامتگاه پلاس,غلامحسن,2024-05-27,92,385,1,,متوسط,دربست,300000,,,,,,,ذکر شده,دنج در روستای درازکلا از منطقه بابلکنار و با فاصله حدود ۲۵ کیلو,,ذکر شده,,,یک دستگاه کولر اسپلیت 18000 در پذیرایی,یک شعله بخاری گازی در پذیرایی و یک شعله بخاری گازی در یک اتاق خواب,پذیرش (قانون صریح),,52.7361,36.3388,active,db
3231176,/room/3231176,خانه روستایی در شیرگاه - فرامرزکلا,فرامرزکلا,بله,other,,خانه روستایی، ویلا,80,400,2,4,7,4.3,15,4.5,4.5,4.3,4.2,4.3,4,,,,علی,2025-05-17,38,384,1,,متوسط,دربست,300000,,,,,,,ذکر شده,,,ذکر شده,,,یک دستگاه اسپلیت 12000 در پذیرایی,یک شعله بخاری گازی در پذیرایی و یک شعله بخاری گازی در اتاق خواب,پذیرش (قانون صریح),,52.8081,36.3595,active,db
3232816,/room/3232816,خانه روستایی در بابلکنار - سیدکلا,سیدکلا,بله,other,,خانه روستایی، ویلا,120,300,2,4,10,5,30,5,5,4.9,5,5,4.9,,,اقامتگاه پلاس؛ رزرو فوری,محمدرضا,2024-08-29,95,165,1,,متوسط,دربست,399000,,,,,,,ذکر شده,,,ذکر شده,,,یک دستگاه اسپیلت 18000 در پذیرایی,یک شعله بخاری گازی در پذیرایی,پذیرش (قانون صریح),,52.7911,36.3065,active,cabins، db
3233229,/room/3233229,ویلا دوبلکس در شیرگاه - فرامرزکلا,فرامرزکلا,بله,other,,ویلا,430,500,3,6,12,4.6,18,4.7,4.3,4.5,4.8,4.8,4.2,,,اقامتگاه پلاس,محمد,2024-05-21,71,362,2,,سخت,دربست,1000000,,,,,ذکر شده,,ذکر شده,مستر با حیاطی دنج، فوتبال دستی و تراس دلباز در روستای فرامرزکلا,,ذکر شده,,,یک دستگاه کولر اسپلیت 30000 در پذیرایی و یک دستگاه اسپیلت 24000,پکیج - رادیاتور,پذیرش (قانون صریح),,52.8116,36.3623,active,db
3234025,/room/3234025,ویلا جنگلی در بابلکنار - جاده هفت آبشار,بابلکنار,نامطمئن,other,,خانه روستایی، ویلا,60,200,1,2,4,4.9,61,4.9,4.9,4.8,4.7,5,4.9,,,اقامتگاه پلاس؛ رزرو فوری,ناصر,2024-06-02,99,67,1,,متوسط,دربست,500000,,,,,ذکر شده,,ذکر شده,,,ذکر شده,,,یک دستگاه کولر اسپیلت 12000 در پذیرایی,یک شعله بخاری گازی در پذیرایی و یک شعله بخاری در اتاق خواب,پذیرش (قانون صریح),,52.6989,36.2659,active,db
3234201,/room/3234201,خانه ویلایی در شیرگاه - فرامرزکلا - همکف,فرامرزکلا,بله,other,,ویلا,70,180,1,4,6,5,2,5,5,5,5,5,5,,,,ماهان,2024-05-28,24,310,1,,متوسط,مشترک (فضای مشترک با میزبان یا مهمان دیگر),195000,,,,,,,ذکر شده,,مشترک (فضای مشترک با میزبان یا مهمان دیگر),ذکر شده,,,یک دستگاه کولر اسپیلت 18000 در پذیرایی,یک شعله بخاری گازی در پذیرایی و یک شعله بخاری گازی دراتاق خواب,پذیرش (قانون صریح),,52.8062,36.358,active,db
3235589,/room/3235589,سوئیت در بابلکنار - سیادرکا,سیادرکا,بله,other,,سوئیت,60,300,1,2,5,4.8,3,5,5,5,4.7,5,4.3,,,,امیر محمد,2024-06-11,90,124,1,,سخت,مشترک (فضای مشترک با میزبان یا مهمان دیگر),350000,,,,,,,ذکر شده,دنج در روستای خوش آب و هوای سیادرکا واقع شده است که حدود ۲ کیلو,مشترک (فضای مشترک با میزبان یا مهمان دیگر),ذکر شده,,,یک دستگاه اسپلیت 18000 در پذیرایی,پکیج - رادیاتور,پذیرش (قانون صریح),,52.7564,36.3619,active,db
3239729,/room/3239729,اجاره خانه روستایی در بابلکنار - ریگ چشمه,بابلکنار,نامطمئن,other,,سوئیت,80,2000,2,3,5,4.7,5,4.2,5,4.8,4.6,5,4.6,,,,لیلا,2024-08-06,25,284,1,,متوسط,دربست,500000,,,,,ذکر شده,,ذکر شده,دنج و حوضچه در حاشیه جاده هفت آبشار در روستای سرسبز ریگ چشمه وا,,ذکر شده,,,یک اسپیلت 12000 در یک اتاق مستر,یک شعله بخاری گازی در هر اتاق,پذیرش (قانون صریح),,52.7177,36.3255,active,db
3239998,/room/3239998,خانه مبله در بابلکنار - مرزیکلا - همکف,مرزیکلا,بله,other,,آپارتمان، ویلا,90,230,1,4,6,5,1,5,5,5,5,5,5,,,,مهدی,2025-08-03,0,459,1,,متوسط,مشترک (فضای مشترک با میزبان یا مهمان دیگر),300000,,,,,,,ذکر شده,,مشترک (فضای مشترک با میزبان یا مهمان دیگر),ذکر شده,,,یک دستگاه اسپلیت 18000 در پذیرایی,یک شعله بخاری گازی در پذیرایی,پذیرش (قانون صریح),,52.7372,36.3651,inactive,db
3241651,/room/3241651,رزرو ویلا در بابلکنار - کلاریکلا,کلاریکلا,بله,other,,ویلا,80,220,2,4,8,5,5,5,5,5,5,5,5,,,اقامتگاه پلاس,داراب,2024-09-30,80,409,1,,متوسط,دربست,400000,,,,,,,ذکر شده,دنج در روستای کلاریکلا واقع شده که تا شهر بابلکنار حدود ۱۵ کیلو,,ذکر شده,,,یک دستگاه اسپلیت 24000 در پذیرایی,یک شعله بخاری گازی در پذیرایی و یکی در اتاق خواب,پذیرش (قانون صریح),,52.7177,36.3641,active,db
3242462,/room/3242462,خانه مبله در بابلکنار - درونکلا شرقی,درونکلا,بله,other,,ویلا,110,4000,1,4,10,4.7,10,4.8,4.7,4.7,4.5,5,4.5,,,اقامتگاه پلاس,محمدعلی,2025-10-27,83,322,1,,سخت,مشترک (فضای مشترک با میزبان یا مهمان دیگر),300000,,,,,ذکر شده,,,دنج با چشم انداز جنگلی در طبقه همکف یک ساختمان دو طبقه دو واحدی,مشترک (فضای مشترک با میزبان یا مهمان دیگر),ذکر شده,,,کولر گازی پنجره ای,یک شعله بخاری گازی در پذیرایی,پذیرش (قانون صریح),,52.731,36.3995,active,db
3243143,/room/3243143,اجاره خانه ویلایی در بابلکنار - بالفکلا شرقی,بالفکلا,بله,other,,ویلا,100,1500,0,3,6,4.8,13,4.9,5,4.8,4.8,4.9,4.7,,,اقامتگاه پلاس,آزاده,2024-10-20,71,358,1,,متوسط,مشترک (فضای مشترک با میزبان یا مهمان دیگر),450000,,,,,,,,,مشترک (فضای مشترک با میزبان یا مهمان دیگر),ذکر شده,,,یک دستگاه اسپلیت 12000 در پذیرایی,یک شعله بخاری گازی در پذیرایی,پذیرش (قانون صریح),,52.753,36.344,active,db
3244715,/room/3244715,اجاره ویلا دوبلکس در بابلکنار - گونه کلا,گونه کلا,بله,other,,ویلا,170,300,2,4,8,4.4,21,4.4,4,4.7,4.4,4.7,4.1,,,,مهدی,2023-06-21,0,184,1,,سخت,دربست,500000,,,,,,,ذکر شده,,,ذکر شده,,,یک دستگاه اسپلیت 30000 در پذیرایی,پکیچ - رادیاتور,پذیرش (قانون صریح),,52.7934,36.335,inactive,db
3245193,/room/3245193,اجاره خانه مبله در بابلکنار,بابلکنار,نامطمئن,other,,ویلا,90,300,1,4,8,2.8,1,3,3,3,3,3,2,,,,سرکارخانم مریم,2024-10-27,50,974,3,,متوسط,دربست,500000,,,,,,,ذکر شده,دنج در طبقه اول یک ساختمان دو طبقه یک واحدی در منطقه بابلکنار و,,ذکر شده,,,اسپیلت 24000 در پذیرایی,یک شعله بخاری گازی در اتاق,پذیرش (قانون صریح),,52.7803,36.3326,active,db
3246328,/room/3246328,اجاره سوئیت مبله در بابلکنار - درازکش,درازکش,بله,other,,سوئیت,20,1000,0,2,2,4.9,25,4.9,5,4.9,4.9,5,4.9,,,اقامتگاه پلاس؛ رزرو فوری,سمیه,2024-05-15,99,46,1,,سخت,مشترک (فضای مشترک با میزبان یا مهمان دیگر),0,,,,,,,ذکر شده,,مشترک (فضای مشترک با میزبان یا مهمان دیگر),ذکر شده,,,یک دستگاه اسپلیت دو منظوره  9000 در پذیرایی,یک دستگاه اسپلیت دو منظوره  9000 در پذیرایی و یک شعله بخاری گازی,پذیرش (قانون صریح),,52.6782,36.2725,active,db
3247989,/room/3247989,ویلا با چشم انداز کوه در بابلکنار - درازکلا,درازکلا,بله,other,,ویلا,100,200,1,4,6,4.6,33,4.8,4.8,4.8,4.3,4.7,4.3,,,اقامتگاه پلاس؛ اقامتگاه خاص,سینا,2024-11-11,91,406,1,,سخت,دربست,400000,,,,,ذکر شده,,ذکر شده,,,ذکر شده,,,یک دستگاه کولر اسپلیت 18000 در پذیرایی و یک دستگاه اسپلیت 18000 در اتاق خواب,پکیج - شوفاژ,پذیرش (قانون صریح),,52.7364,36.3391,active,db
3249572,/room/3249572,اجاره ویلا دوبلکس استخردار در بابلکنار - چهره,چهره,بله,other,,ویلا,100,240,2,4,6,4.7,15,4.9,4.9,4.7,4.7,4.9,4.4,,,اقامتگاه پلاس,امین,2024-12-10,97,326,1,,متوسط,دربست,800000,,,دارد,,,,ذکر شده,مستر است با دسترسی حدود ۵ پله و حیاطی دلباز و امکاناتی نظیر است,,ذکر شده,,,یک دستگاه اسپلیت 18000 در پذیرایی و یک دستگاه اسپلیت 9000 در اتاق خواب,یک شعله بخاری گازی در پذیرایی,پذیرش (قانون صریح),,52.7102,36.3474,active,db
3249930,/room/3249930,ویلا تراس دار در بابلکنار - رئیسکلا,رئیسکلا,بله,other,,ویلا,60,80,1,4,5,4.9,61,5,5,4.9,4.8,5,4.9,,,اقامتگاه پلاس؛ رزرو فوری,ولی,2024-12-17,90,147,1,,سخت,دربست,450000,,,,,,,ذکر شده,,,ذکر شده,,,یک دستگاه اسپیلت 18000 در پذیرایی و یک دستگاه اسپیلت 9000 در اتاق خواب,یک شعله بخاری گازی در پذیرایی و یک شعله بخاری گازی در اتاق خواب,پذیرش (قانون صریح),,52.7479,36.3733,active,db
3251127,/room/3251127,اجاره خانه ویلایی در بابلکنار - ممرزکن,ممرزکن,بله,other,,ویلا,100,1000,1,4,6,4.7,7,4.7,5,4.3,4.7,5,4.5,,,,یوسف,2025-03-04,48,242,1,,متوسط,مشترک (فضای مشترک با میزبان یا مهمان دیگر),100000,,,,,,,,,مشترک (فضای مشترک با میزبان یا مهمان دیگر),,,,,یک شعله بخاری گازی در پذیرایی و یک شعله بخاری گازی در اتاق خواب,پذیرش (قانون صریح),,52.7029,36.2653,active,db
3251603,/room/3251603,خانه مبله در بابلکنار - چهره - طبقه دوم,چهره,بله,other,,آپارتمان,120,1000,2,4,10,4.8,43,4.9,5,4.4,4.8,5,4.8,,,اقامتگاه پلاس,راضیه,2025-06-08,90,546,1,,متوسط,مشترک (فضای مشترک با میزبان یا مهمان دیگر),200000,,,,,,,,,مشترک (فضای مشترک با میزبان یا مهمان دیگر),ذکر شده,,,یک دستگاه اسپلیت 30000 در پذیرایی,پکیج - رادیاتور,پذیرش (قانون صریح),,52.7243,36.3527,active,db
3251670,/room/3251670,سوئیت مبله در بابلکنار - امام زاده رضا - همکف,بابلکنار,نامطمئن,other,,سوئیت، ویلا,80,500,1,4,10,5,10,5,5,5,4.8,5,5,,,اقامتگاه پلاس,حسین,2025-01-13,74,264,1,,آسان,دربست,300000,,,,,,,ذکر شده,خلوت و تراس است,,ذکر شده,,,,یک شعله بخاری گازی در پذیرایی,پذیرش (قانون صریح),,52.6837,36.3231,active,db
3252162,/room/3252162,اجاره سوئیت حیاط دار در بابلکنار - درازکلا,درازکلا,بله,other,,سوئیت، ویلا,45,1700,0,4,6,,0,,,,,,,,,,سیدکمال,2025-04-15,0,280,1,,متوسط,دربست,400000,,,,,,ذکر شده,ذکر شده,,,ذکر شده,,,,یک عدد بخاری برقی,پذیرش (قانون صریح),,52.7364,36.3495,inactive,db
3252194,/room/3252194,ویلا دوبلکس با وان جکوزی در بابلکنار - کبریاکلا,کبریاکلا,بله,other,,ویلا,130,420,2,3,6,5,7,5,5,4.9,5,4.9,5,,,اقامتگاه پلاس,اسماعیل,2025-01-27,0,422,1,,متوسط,دربست,500000,دارد,جکوزی در بابلکنار - کبریاکلا**,,,,,ذکر شده,,,ذکر شده,,,یک دستگاه اسپلیت 24 هزار در پذیرایی.اسپلیت 12 هزار در اتاق خواب ها,پکیج - رایاتور و یک شعله بخاری گازی در پذیرایی,پذیرش (قانون صریح),,52.7274,36.3273,inactive,db
3252284,/room/3252284,ویلا استخردار در بابلکنار - درونکلا شرقی,درونکلا,بله,other,,ویلا,200,2000,2,5,15,4.5,21,4.5,4.4,4.4,4.4,4.8,4.4,,,,مبینا,2025-02-01,90,169,1,,سخت,دربست,500000,دارد,6 نفره,دارد,,,,ذکر شده,,,ذکر شده,,,یک دستگاه اسپلیت 32000 در پذیرایی، یک دستگاه اسپلیت 18000 در یک اتاق خواب,یک شعله بخاری گازی در پذیرایی و یک شعله بخاری گازی در هر اتاق خواب,,,52.7292,36.3896,active,db
3257088,/room/3257088,اجاره خانه ویلایی در بابلکنار - کلاریکلا,کلاریکلا,بله,other,,ویلا,100,400,1,4,6,4.8,13,4.8,5,4.6,4.8,4.9,4.8,,,اقامتگاه پلاس,فیض اله,2025-04-03,81,189,1,,متوسط,دربست,700000,,,,,,,ذکر شده,,,ذکر شده,,,یک دستگاه اسپلیت 30000 در پذیرایی,یک شعله بخاری گازی در پذیرایی و یک شعله بخاری گازی در اتاق خواب,,,52.7138,36.3629,active,db
3258808,/room/3258808,خانه ویلایی با وان جکوزی در بابلکنار - درونکلا,درونکلا,بله,other,,ویلا,90,300,1,2,10,4.4,25,4.5,4.6,4.3,4.3,4.8,4.1,,,رزرو فوری,سید محمد,2025-04-16,92,54,1,,متوسط,دربست,300000,دارد,دو نفره,,,,,ذکر شده,,,ذکر شده,,,یک دستگاه کولر اسپیلت 12000 در پذیرایی,یک شعله بخاری گازی در پذیرایی و یک شعله بخاری گازی در اتاق خواب,پذیرش (قانون صریح),,52.708,36.3771,active,db
3260521,/room/3260521,اجاره سوئیت مبله در بابلکنار - سیادرکا,سیادرکا,بله,other,,سوئیت، ویلا,50,3000,1,2,5,4.7,18,4.8,5,4.3,4.7,5,4.5,,,اقامتگاه پلاس,فاطمه زهرا,2025-04-19,83,296,1,,متوسط,مشترک (فضای مشترک با میزبان یا مهمان دیگر),380000,,,,,,,ذکر شده,,مشترک (فضای مشترک با میزبان یا مهمان دیگر),ذکر شده,,,یک دستگاه اسپیلت ۱۸ هزار در پذیرایی,یک شعله بخاری گازی در پذیرایی,پذیرش (قانون صریح),,52.7552,36.3636,active,db
3261222,/room/3261222,ویلا دوبلکس استخردار در بابلکنار - سیاه درکا,بابلکنار,نامطمئن,other,,ویلا,220,400,3,4,8,4.9,11,5,5,5,4.8,5,4.8,,,اقامتگاه پلاس,جابر,2025-04-08,100,218,1,,متوسط,دربست,680000,,,دارد,,,,ذکر شده,مستر است، با استخر روباز آبسرد، میز فوتبال دستی، حیاط مجهز به آ,,ذکر شده,,,یک دستگاه اسپیلت 24000 در پذیرایی پایین و پذیرایی بالا,پکیج - شوفاژ,پذیرش (قانون صریح),,52.7531,36.3583,active,db
3262853,/room/3262853,خانه مبله در بابلکنار - سیدکلا - طبقه دوم,سیدکلا,بله,other,,ویلا,90,700,2,4,10,4.6,32,4.6,4.6,4.7,4.3,4.8,4.6,,,اقامتگاه پلاس,فائزه,2023-07-16,99,289,1,7,متوسط,دربست,500000,,,,,,,ذکر شده,,,ذکر شده,,,یه دستگاه ۱۸هزار اسپیلت,یک شعله بخاری گازی در پذیرایی و یک شعله بخاری گازی در هر اتاق خواب,پذیرش (قانون صریح),,52.7911,36.3068,active,cabins، db
3263343,/room/3263343,اجاره سوئیت حیاط دار در بابلکنار - درازکلا,درازکلا,بله,other,,سوئیت، ویلا,60,500,1,2,5,4.4,10,4.4,4.5,4.1,4.5,4.7,4.1,,,,سیدسعید,2025-04-16,25,25,1,,متوسط,دربست,300000,,,,,,,ذکر شده,,,ذکر شده,,,یک دستگاه اسپیلت 18 هزار در پذیرایی,یک شعله بخاری گازی در پذیرایی,پذیرش (قانون صریح),,52.7167,36.331,active,db
3264268,/room/3264268,اجاره خانه روستایی در لفور - افراسی,لفور,بله,other,,کلبه، خانه روستایی,70,900,1,4,6,4.9,50,4.9,5,4.9,4.8,5,4.8,,,اقامتگاه پلاس؛ رزرو فوری,راضیه,2025-04-21,98,210,1,,متوسط,مشترک (فضای مشترک با میزبان یا مهمان دیگر),700000,,,,,,,ذکر شده,,مشترک (فضای مشترک با میزبان یا مهمان دیگر),ذکر شده,,,یک دستگاه اسپیلت 18000 در پذیرایی,یک شعله بخاری گازی در پذیرایی و یک شعله بخاری گازی در اتاق خواب,پذیرش (قانون صریح),,52.7217,36.2555,active,corpus
3264785,/room/3264785,ویلا دوبلکس در بابلکنار - سیادرکا,سیادرکا,بله,other,,ویلا,70,1000,1,2,6,4.8,17,4.8,4.9,4.9,4.7,4.9,4.8,,,اقامتگاه پلاس؛ رزرو فوری,اشرف السادات,2025-04-23,97,61,1,,متوسط,مشترک (فضای مشترک با میزبان یا مهمان دیگر),300000,,,,,,,,مستقر می باشد,مشترک (فضای مشترک با میزبان یا مهمان دیگر),ذکر شده,,,یک دستگاه اسپیلت 30000 در پذیرایی,یک شعله بخاری گازی در پذیرایی,پذیرش (قانون صریح),,52.7466,36.3647,active,db
3264789,/room/3264789,ویلا دوبلکس جکوزی دار در مرزیکلا - سیادرکا,مرزیکلا,بله,other,,ویلا,70,1000,1,2,6,4.7,30,4.8,4.9,4.4,4.3,5,4.7,,,اقامتگاه پلاس؛ رزرو فوری,اشرف السادات,2025-04-23,97,61,1,,متوسط,مشترک (فضای مشترک با میزبان یا مهمان دیگر),400000,دارد,وان جکوزی,,,,,,مستقر می باشد,مشترک (فضای مشترک با میزبان یا مهمان دیگر),ذکر شده,,,یک دستگاه اسپیلت 30000 در پذیرایی,یک شعله بخاری گازی در پذیرایی,پذیرش (قانون صریح),,52.7462,36.3605,active,db
3266506,/room/3266506,ویلا جنگلی با جکوزی در بابلکنار,بابلکنار,نامطمئن,other,,ویلا,90,4000,2,4,4,4.9,28,4.9,5,4.9,4.8,5,4.7,,,اقامتگاه پلاس؛ رزرو فوری,زینب,2025-06-14,98,100,1,,سخت,مشترک (فضای مشترک با میزبان یا مهمان دیگر),1500000,دارد,وان جکوزی 4 نفره,,,,,ذکر شده,,مشترک (فضای مشترک با میزبان یا مهمان دیگر),ذکر شده,,,یک دستگاه اسپیلت 28000 در پذیرایی و دو دستگاه اسپیلت 12000 در هر اتاق خواب,پکیج و گرمایش از کف,پذیرش (قانون صریح),,52.7459,36.3461,active,db
3267188,/room/3267188,اجاره سوئیت بالکن دار در بابلکنار - سیادرکا,سیادرکا,بله,other,,سوئیت، ویلا,50,65,1,2,4,3.7,2,4,4,3,3.5,4.5,3,,,,ساعده,2025-05-05,65,400,1,,آسان,مشترک (فضای مشترک با میزبان یا مهمان دیگر),200000,,,,,,,ذکر شده,,مشترک (فضای مشترک با میزبان یا مهمان دیگر),ذکر شده,,,یک دستگاه اسپلیت 18000 در پذیرایی,یک شعله بخاری گازی در پذیرایی و یک دستگاه بخاری برقی در اتاق خواب,,,52.75,36.3637,active,db
3267813,/room/3267813,اجاره سوئیت در بابلکنار - تیرکن,تیرکن,بله,other,,سوئیت,70,100,1,5,6,4.7,13,4.3,4.9,4.5,4.9,5,4.5,,,,سعید,2025-05-31,23,147,1,,متوسط,مشترک (فضای مشترک با میزبان یا مهمان دیگر),200000,,,,,,,,,مشترک (فضای مشترک با میزبان یا مهمان دیگر),,,,,یک شعله بخاری گازی در پذیرایی,پذیرش (قانون صریح),,52.7273,36.2538,active,db
3268545,/room/3268545,اجاره خانه روستایی در بابلکنار - شیردارکلا,شیردارکلا,بله,other,,خانه روستایی,80,400,1,4,6,4,5,4.4,4.6,3.2,4.4,4.2,3.4,,,,عماد,2025-06-08,70,56,1,,متوسط,دربست,200000,,,,,,,ذکر شده,,,ذکر شده,,,یک دستگاه اسپیلت 12000 در پذیرایی,یک شعله بخاری گازی در پذیرایی,پذیرش (قانون صریح),,52.772,36.3373,active,cabins، db
3270478,/room/3270478,خانه ویلایی در بابلکنار - درازکلا,درازکلا,بله,other,,ویلا,85,250,1,4,6,4.3,4,4.3,4.8,3.8,4.5,4.8,3.5,,,,ابراهیم,2025-06-23,55,264,1,,متوسط,دربست,150000,,,,,,,ذکر شده,,,ذکر شده,,,یک دستگاه اسپلیت 12000 در پذیرایی و یک دستگاه کولر اسپلیت 12000 در یک اتاق خواب,یک شعله بخاری گازی در پذیرایی و یک شعله بخاری گازی در اتاق خواب,,,52.7315,36.3344,active,db
3270622,/room/3270622,خانه ویلایی در بابلکنار - کلاریکلا,کلاریکلا,بله,other,,ویلا,180,230,1,2,8,4.9,6,5,5,4.7,4.7,5,4.8,,,,محمد,2025-07-01,76,511,1,,متوسط,دربست,300000,,,,,,,ذکر شده,مستر و **سرویس ایرانی بر روی بالکن قرار دارد**، همچنین واحد دار,,ذکر شده,,,یک دستگاه اسپیلت 24000 در پذیرایی,اسپیلت دو منظوره,پذیرش (قانون صریح),,52.715,36.365,active,db
3273512,/room/3273512,اجاره خانه مبله در بابلکنار - درازکلا - طبقه۲,درازکلا,بله,other,,آپارتمان,125,300,2,2,10,5,2,5,5,5,5,5,5,,,,امید,2025-07-22,59,154,1,,متوسط,مشترک (فضای مشترک با میزبان یا مهمان دیگر),500000,,,,,ذکر شده,,ذکر شده,دنج با چشم انداز جنگلی در روستای جنگلی درازکلا واقع شده است که ,مشترک (فضای مشترک با میزبان یا مهمان دیگر),ذکر شده,,,یک دستگاه اسپیلت 24000 در پذیرایی,یک شعله بخاری گازی در پذیرایی و در یک اتاق,پذیرش (قانون صریح),,52.7126,36.3406,active,db
3274987,/room/3274987,اجاره خانه روستایی در بابلکنار - چهره,چهره,بله,other,,خانه روستایی,40,2000,1,2,4,5,3,5,5,5,5,5,5,,,,فاطمه,2025-08-25,28,336,1,,سخت,مشترک (فضای مشترک با میزبان یا مهمان دیگر),200000,,,,,,,ذکر شده,مستقر است,مشترک (فضای مشترک با میزبان یا مهمان دیگر),ذکر شده,,,یک دستگاه اسپلیت 18000 در پذیرایی، یک دستگاه اسپلیت 12000 در اتاق خواب,یک دستگاه بخاری برقی در پذیرایی، یک دستگاه اسپلیت دو منظوره 18000 در پذیرایی، یک دستگاه اسپلیت دو منظوره 12000 در اتاق خواب,پذیرش (قانون صریح),,52.7362,36.3609,active,db
3275992,/room/3275992,خانه ویلایی در بابلکنار - درونکلا شرقی,درونکلا,بله,other,,ویلا,125,485,2,4,8,5,1,5,5,5,5,5,5,,,,میثاق,2026-03-01,40,659,1,,متوسط,دربست,300000,,,,,,,ذکر شده,,,ذکر شده,,,یک دستگاه اسپیلت 24000 در پذیرایی,یک شعله بخاری گازی در پذیرایی و در یک اتاق خواب,پذیرش (قانون صریح),,52.7287,36.3867,active,db
3276165,/room/3276165,اجاره خانه مبله در بابلکنار - شیردارکلا - ط ۲,شیردارکلا,بله,other,,آپارتمان، سوئیت,120,300,2,4,6,5,9,5,5,5,5,5,5,,,اقامتگاه پلاس,مرتضی,2025-08-19,94,459,1,,سخت,مشترک (فضای مشترک با میزبان یا مهمان دیگر),500000,,,,,,,ذکر شده,مستقر است، همچنین ورودی و حیاط با مهمانان واحد های دیگر به صورت,مشترک (فضای مشترک با میزبان یا مهمان دیگر),ذکر شده,,,یک دستگاه اسپلیت 30000 در پذیرایی,پکیج - شوفاژ,پذیرش (قانون صریح),,52.7741,36.3377,active,cabins، db
3276226,/room/3276226,اجاره خانه تراس دار در بابلکنار - شیردارکلا - ط ۳,شیردارکلا,بله,other,,آپارتمان، سوئیت,120,300,1,4,6,5,4,5,5,5,5,5,5,,,,مرتضی,2025-08-19,94,459,1,,سخت,مشترک (فضای مشترک با میزبان یا مهمان دیگر),800000,,,,,,,ذکر شده,,مشترک (فضای مشترک با میزبان یا مهمان دیگر),ذکر شده,,,یک دستگاه اسپلیت 30000 در پذیرایی,پکیج - شوفاژ,پذیرش (قانون صریح),,52.7747,36.3378,active,cabins، db
3276640,/room/3276640,اجاره خانه ویلایی در بابلکنار - گونه کلا,گونه کلا,بله,other,,ویلا,130,700,2,5,8,4.7,11,4.7,4.9,4.4,4.6,5,4.5,,,,مهربان,2025-08-25,61,264,1,,متوسط,دربست,500000,,,,,,,ذکر شده,دنج در منطقه ی زیبا و آرام روستای گونه کلا و با فاصله حدود ۱۳ ک,,ذکر شده,,,یک دستگاه اسپیلت 30000 در پذیرایی,یک شعله بخاری گازی در پذیرایی و یک شعله بخاری گازی در هر اتاق خواب,پذیرش (قانون صریح),,52.7827,36.3238,active,cabins، db
3278517,/room/3278517,اجاره ویلا دوبلکس در بابلکنار - سیادرکا,سیادرکا,بله,other,,ویلا,80,150,2,6,8,5,1,5,5,5,5,5,5,,,,ساعده,2025-05-05,65,400,1,,متوسط,مشترک (فضای مشترک با میزبان یا مهمان دیگر),100000,,,,,ذکر شده,,ذکر شده,دنج در شیب زمین قرار دارد و بالکن دنج آن نیز دارای چشم انداز بی,مشترک (فضای مشترک با میزبان یا مهمان دیگر),ذکر شده,,,اسپیلت 18000 در پذیرایی و در یک اتاق پایین,یک شعله بخاری گازی در پذیرایی و یک شعله بخاری گازی در یک اتاق پایین و یک عدد بخاری برقی,,,52.7496,36.3639,active,db
3278750,/room/3278750,ویلا در بابلکنار - ممرزکن,ممرزکن,بله,other,,ویلا,120,200,2,6,6,5,28,5,5,4.9,4.9,5,5,,,اقامتگاه پلاس,داود,2025-09-15,82,347,1,,متوسط,مشترک (فضای مشترک با میزبان یا مهمان دیگر),300000,,,,,,,ذکر شده,دنج قرار دارد,مشترک (فضای مشترک با میزبان یا مهمان دیگر),ذکر شده,,,یک دستگاه کولر اسپیلت 18000 در پذیرایی,یک شعله بخاری گازی در پذیرایی و یک شعله بخاری گازی در اتاق خواب پایین,پذیرش (قانون صریح),,52.7097,36.2686,active,db
3279016,/room/3279016,ویلا وان جکوزی در بابلکنار - شیردارکلا,شیردارکلا,بله,other,,ویلا,200,200,2,4,8,4.9,6,5,5,4.5,5,5,4.8,,,,رضا,2025-09-17,73,302,1,,متوسط,دربست,2000000,دارد,دونفره در تراس طبقه دوم,,,,,ذکر شده,مستر است به همراه تراسی با چشم اندازی زیبا و وان جکوزی در روستا,,ذکر شده,,,یک دستگاه اسپیلت ۳۰۰۰۰ در پذیرایی,پکیج - شوفاژ,پذیرش (قانون صریح),,52.7684,36.3432,active,cabins، db
3279752,/room/3279752,ویلا دوبلکس استخردار در بابلکنار - مرزیکلا,مرزیکلا,بله,other,,ویلا,150,273,2,4,15,4.6,3,4.7,5,5,4,4.3,4.7,,,,محمد,2025-09-23,90,142,1,,متوسط,دربست,1000000,,,دارد,,,,ذکر شده,دنج و سرسبز در روستای خوش آب و هوای مرزیکلا با فاصله حدود ۲۰ کی,,ذکر شده,,,یک دستگاه اسپلیت 30000 در پذیرایی و یک دستگاه اسپلیت 12000 در هر اتاق خواب,پکیج - رادیاتور,پذیرش (قانون صریح),,52.7388,36.3672,active,db
3280166,/room/3280166,ویلا در بابلکنار - کاردرکلا - ط۲,کاردرکلا,بله,other,,ویلا,124,1000,3,5,10,5,19,5,4.9,4.9,4.9,5,5,,,اقامتگاه پلاس,حشمت,2025-11-05,92,284,1,,متوسط,دربست,650000,,,,,ذکر شده,,ذکر شده,,,ذکر شده,,,یک دستگاه اسپیلت 26000 در پذیرایی,یک شعله بخاری گازی در پذیرایی و یک شعله بخاری گازی در یک اتاق,پذیرش (قانون صریح),,52.7564,36.3079,active,cabins، db
3281915,/room/3281915,ویلا رو به جنگل در بابلکنار - کاردرکلا,کاردرکلا,بله,other,,ویلا,160,350,1,3,5,4.9,13,5,5,4.8,4.7,4.9,4.8,,,اقامتگاه پلاس,آتنا,2025-10-26,88,273,1,,سخت,دربست,600000,,,,,,,ذکر شده,,,ذکر شده,,,یک دستگاه اسپیلت 30000 در پذیرایی طبقه بالا و یک عدد ۱۸۰۰۰در طبقه پایین,پکیج - شوفاژ,پذیرش (قانون صریح),,52.7738,36.2994,active,cabins، db
3283346,/room/3283346,خانه مبله در بابلکنار - شیردارکلا - ط ۲,شیردارکلا,بله,other,,آپارتمان، ویلا,55,200,1,2,4,4.5,4,5,4.3,4,5,4.5,4.3,,,,احسان,2025-10-27,97,188,1,,سخت,مشترک (فضای مشترک با میزبان یا مهمان دیگر),250000,,,,,,,ذکر شده,مستقر است,مشترک (فضای مشترک با میزبان یا مهمان دیگر),ذکر شده,,,یک دستگاه اسپلیت 24000 در پذیرایی,یک شعله بخاری گازی در پذیرایی,پذیرش (قانون صریح),,52.7596,36.3454,active,cabins، db
3284721,/room/3284721,هتل آپارتمان در بابلکنار - مرزیکلا - ۳ تخته,مرزیکلا,بله,other,,سوئیت,30,8000,0,3,4,4.7,1,5,5,3,5,5,5,,,,مهران,2025-12-07,58,466,1,,متوسط,مشترک (فضای مشترک با میزبان یا مهمان دیگر),150000,,,,,,,ذکر شده,مستر در مجاورت اتاق های دیگر در یک هتل آپارتمان در منطقه خوش آب,مشترک (فضای مشترک با میزبان یا مهمان دیگر),ذکر شده,,,یک دستگاه اسپیلت 12000 در پذیرایی,یک عدد هیتر برقی,پذیرش (قانون صریح),,52.7365,36.3596,active,db
3285416,/room/3285416,ویلای استخردار با چشم انداز کوه در بابلکنار,بابلکنار,نامطمئن,other,,ویلا,100,200,2,4,7,4.9,16,4.9,5,4.6,4.9,5,4.9,,,اقامتگاه پلاس,علی,2025-12-17,100,277,1,,متوسط,دربست,1000000,,,دارد,,,,ذکر شده,مستر است و در روستای خوش آب و هوای بالف کلا شرقی با فاصله حدود ,,ذکر شده,,,یک دستگاه اسپلیت 24000 در پذیرایی,پکیج - شوفاژ,پذیرش (قانون صریح),,52.7515,36.3465,active,db
3285545,/room/3285545,هتل آپارتمان در بابلکنار - مرزیکلا - ۲ تخته,مرزیکلا,بله,other,,سوئیت,20,8000,0,2,3,,0,,,,,,,,,,مهران,2025-12-07,58,466,1,,متوسط,مشترک (فضای مشترک با میزبان یا مهمان دیگر),150000,,,,,,,ذکر شده,مستر در مجاورت اتاق های دیگر و در یک هتل آپارتمان در منطقه خوش ,مشترک (فضای مشترک با میزبان یا مهمان دیگر),ذکر شده,,,یک دستگاه اسپیلت 12000 در پذیرایی,یک عدد هیتر برقی,پذیرش (قانون صریح),,52.7365,36.3596,active,db
3285546,/room/3285546,هتل آپارتمان در بابلکنار - مرزیکلا - ۲ تخته دبل,مرزیکلا,بله,other,,سوئیت,20,8000,0,2,3,4.2,2,5,4,2.5,5,5,3.5,,,,مهران,2025-12-07,58,466,1,,متوسط,مشترک (فضای مشترک با میزبان یا مهمان دیگر),150000,,,,,,,ذکر شده,مستر در مجاورت اتاق های دیگر در یک هتل آپارتمان در منطقه خوش آب,مشترک (فضای مشترک با میزبان یا مهمان دیگر),ذکر شده,,,یک دستگاه اسپیلت 12000 در پذیرایی,یک عدد هیتر برقی,پذیرش (قانون صریح),,52.7365,36.3596,active,db
3286085,/room/3286085,ویلای دوبلکس در بابلکنار - چهره,چهره,بله,other,,ویلا,120,200,2,4,8,5,2,5,5,5,5,5,5,,,,علی,2025-12-20,0,327,1,,متوسط,دربست,400000,,,,,,,ذکر شده,,,ذکر شده,,,یک دستگاه اسپیلت 27000 در پذیرایی,پکیج - رادیاتور,پذیرش (قانون صریح),,52.7251,36.3492,inactive,db
3286163,/room/3286163,خانه ویلایی با جکوزی در بابلکنار - شیردارکلا,شیردارکلا,بله,other,,ویلا,40,500,1,2,4,4.6,5,4.8,5,3.8,5,5,4.2,,,,پریسا,2025-12-21,0,311,1,,متوسط,دربست,200000,دارد,جکوزی ۴ نفره,,,ذکر شده,,ذکر شده,,,ذکر شده,,,یک دستگاه اسپلیت 16000 در پذیرایی,یک شعله بخاری گازی در پذیرایی,پذیرش (قانون صریح),,52.7736,36.3362,inactive,db
3290172,/room/3290172,ویلا دوبلکس بالکن دار در بابلکنار - سیادرکا,سیادرکا,بله,other,,ویلا,120,250,1,3,5,4.6,7,4.7,4.7,4.4,4.7,4.9,4.3,,,اقامتگاه پلاس,فرشته,2026-02-22,86,169,1,,سخت,دربست,500000,,,,,,,ذکر شده,,,ذکر شده,,,یک دستگاه اسپلیت 18000 در پذیرایی,یک شعله بخاری گازی در پذیرایی,پذیرش (قانون صریح),,52.7455,36.3594,active,db
3290832,/room/3290832,سوئیت دوبلکس در بابلکنار - کاردرکلا,کاردرکلا,بله,other,,سوئیت، ویلا,40,165,1,3,5,4.8,5,5,4.8,5,4.2,5,4.6,,,اقامتگاه پلاس,رقیه,2026-03-03,0,328,1,,متوسط,مشترک (فضای مشترک با میزبان یا مهمان دیگر),300000,,,,,,,ذکر شده,,مشترک (فضای مشترک با میزبان یا مهمان دیگر),,,,یک دستگاه اسپلیت 18هزار در طبقه بالا,دو شعله بخاری گازی در پذیرایی و اتاق خواب,پذیرش (قانون صریح),,52.7625,36.3049,inactive,db
3290929,/room/3290929,خانه روستایی در بابلکنار - پوست کلا,بابلکنار,نامطمئن,other,,اقامتگاه بوم‌گردی,80,150,1,4,8,5,5,5,5,5,5,5,5,,,اقامتگاه پلاس,سمیه,2024-05-20,70,249,1,,متوسط,دربست,250000,,,,,ذکر شده,,ذکر شده,دنج به سبک سنتی بوده که با چشم انداز کوهستان و جنگلی فضای مناسب,,,,,,یک شعله بخاری گازی در پذیرایی و یک دستگاه بخاری برقی,پذیرش (قانون صریح),,52.6493,36.3389,active,db
3291781,/room/3291781,ویلا دوبلکس در بابلکنار - درونکلا شرقی,درونکلا,بله,other,,ویلا,150,250,2,6,10,4.9,8,4.9,5,4.8,4.9,5,4.9,,,اقامتگاه پلاس,رضا,2026-03-31,74,406,1,,متوسط,دربست,500000,,,,,,,ذکر شده,مستر است در روستای درونکلا شرقی واقع شده که تا جنگل بزچفت حدود ,,ذکر شده,,,یک دستگاه اسپلیت 12000 در اتاق مستر,یک شعله بخاری گازی در پذیرایی و در اتاق خواب مستر و یک دستگاه بخاری برقی در اتاق خواب,,,52.7387,36.3915,active,db
3294040,/room/3294040,ویلا با چشم انداز زیبا در بابلکنار - سیدکلا,سیدکلا,بله,other,,کلبه، سوئیت، ویلا,100,200,1,2,6,4.9,20,5,5,4.9,5,5,4.9,,,اقامتگاه پلاس؛ رزرو فوری؛ میزبان منظم,محمدرضا,2026-03-23,97,11,1,,متوسط,دربست,500000,,,,,,,ذکر شده,,,ذکر شده,,,یک دستگاه کولر اسپیلت 24000 در فضای بالا,یک شعله بخاری گازی در پذیرایی و یک دستگاه هیتر برقی,پذیرش (قانون صریح),,52.7949,36.3085,active,cabins، db، search، sweep
3295822,/room/3295822,خانه ویلایی در بابلکنار - بالف کلای شرقی,بالفکلا,بله,other,,ویلا,50,250,1,2,6,5,2,5,5,5,5,5,5,,,,محمدمهدی,2026-04-06,71,71,1,,متوسط,دربست,250000,,,,,,,ذکر شده,,,,,,یک دستگاه اسپلیت 12000 در پذیرایی,یک شعله بخاری گازی در پذیرایی و یک شعله بخاری گازی در یک اتاق,,,52.749,36.3451,active,db
3296959,/room/3296959,خانه ویلایی در مرزیکلا,مرزیکلا,بله,other,,ویلا,75,110,1,5,8,5,7,5,5,5,5,5,4.7,,,اقامتگاه پلاس,فروغ,2026-04-11,0,235,1,,متوسط,دربست,400000,,,,,,,ذکر شده,مست و پارک جنگلی جوارم از جاذبه های دیدنی و گردشگری قابل دسترسی,,,,,یک دستگاه کولر پنجره ای در اتاق خواب,یک شعله بخاری گازی در پذیرایی و یک شعله بخاری گازی در یک اتاق,پذیرش (قانون صریح),,52.7336,36.3656,suspend,db
3297069,/room/3297069,سوئیت در بابلکنار - سیادرکا - همکف,سیادرکا,بله,other,,آپارتمان، سوئیت,70,200,1,3,4,,0,,,,,,,,,,جمشید,2026-04-07,50,265,1,,متوسط,مشترک (فضای مشترک با میزبان یا مهمان دیگر),400000,,,,,,,ذکر شده,,مشترک (فضای مشترک با میزبان یا مهمان دیگر),ذکر شده,,,یک دستگاه اسپیلت 24000 در پذیرایی,پکیج,پذیرش (قانون صریح),,52.7484,36.3616,active,db
3297115,/room/3297115,خانه ویلایی در بابلکنار - گونه کلا,گونه کلا,بله,other,,ویلا,140,700,1,4,6,5,3,5,5,5,5,5,5,,,,سلطانعلی,2026-04-05,45,641,1,,متوسط,مشترک (فضای مشترک با میزبان یا مهمان دیگر),800000,,,,,,,ذکر شده,مستر در روستای خوش آب و هوای گونه کلا واقع شده است که تا شهر شی,مشترک (فضای مشترک با میزبان یا مهمان دیگر),ذکر شده,,,,پکیج - رادیاتور,پذیرش (قانون صریح),,52.7826,36.3278,active,cabins، db
3297938,/room/3297938,خانه ویلایی در بابلکنار - بالف کلا شرقی - ط دوم,بالفکلا,بله,other,,ویلا,120,160,1,4,7,,0,,,,,,,,,,امیرحسین,2026-04-08,63,38,1,,آسان,دربست,500000,,,,,,,ذکر شده,,,ذکر شده,,,یک دستگاه اسپیلت 24000 در پذیرایی,یک شعله بخاری گازی در پذیرایی و اتاق خواب,پذیرش (قانون صریح),,52.756,36.3426,active,db
3299045,/room/3299045,ویلا با جکوزی در بابلکنار - سیدکلا,سیدکلا,بله,other,,کلبه، ویلا,100,300,2,4,10,5,1,5,5,5,5,5,5,,,,حبیب,2024-07-14,69,47,1,,متوسط,مشترک (فضای مشترک با میزبان یا مهمان دیگر),500000,دارد,4 نفره,دارد,,,,ذکر شده,,مشترک (فضای مشترک با میزبان یا مهمان دیگر),ذکر شده,,,,یک دستگاه بخاری گازی در پذیرایی و یک دستگاه بخاری گازی در هر اتاق خواب,پذیرش (قانون صریح),,52.7953,36.3154,active,cabins، db، sweep
3300669,/room/3300669,خانه ویلایی بالکن دار در شیرگاه - فرامرزکلا,فرامرزکلا,بله,other,,آپارتمان، ویلا,140,850,2,4,9,5,1,5,5,5,5,5,5,,,,حامد,2022-08-27,100,322,1,,متوسط,دربست,1000000,,,,,,,ذکر شده,مستقل از طبقه پایین مورد استفاده قرار می گیرد,,ذکر شده,,,یک دستگاه اسپیلت 24000 در پذیرایی,یک شعله بخاری گازی در پذیرایی و یک شعله بخاری گازی در هر اتاق خواب,پذیرش (قانون صریح),,52.8076,36.361,active,db
3301686,/room/3301686,خانه روستایی در بابلکنار - درازکلا,درازکلا,بله,other,,خانه روستایی,70,400,1,4,7,4.8,3,5,5,4.3,4.7,5,5,,,,محمد,2026-07-11,69,438,1,,متوسط,دربست,300000,,,,,,,ذکر شده,,,ذکر شده,,,یک دستگاه کولر پنجره ایی در پذیرایی,یک شعله بخاری گازی در پذیرایی,پذیرش (قانون صریح),,52.7244,36.3358,active,db
3302232,/room/3302232,ویلا دوبلکس در بابلکنار - سیدکلا,سیدکلا,بله,other,,ویلا,150,300,1,4,8,4.9,5,5,5,5,4.6,5,5,,,,بهنام,2026-05-19,63,419,1,,متوسط,دربست,500000,,,,,,,ذکر شده,دنج قرار دارد,,ذکر شده,,,یک دستگاه اسپیلت 30000 در راه پله بین طبقات,یک شعله بخاری گازی در پذیرایی و یک شعله بخاری گازی در نشیمن بالا,پذیرش (قانون صریح),,52.7921,36.3099,active,cabins، db
3302942,/room/3302942,خانه ویلایی در بابلکنار - سیادرکا,سیادرکا,بله,other,,ویلا,75,800,1,5,8,4.9,2,5,5,4.5,5,5,5,,,,مهدی,2026-06-01,88,303,1,,متوسط,دربست,600000,,,,,,,ذکر شده,,,ذکر شده,,,یک دستگاه اسپلیت دو منظوره 18000 در پذیرایی,یک شعله بخاری گازی و یک دستگاه اسپلیت دو منظوره 18000 در پذیرایی,پذیرش (قانون صریح),,52.7486,36.3615,active,db
3303165,/room/3303165,سوئیت مبله در مرزیکلا - همکف,مرزیکلا,بله,other,,سوئیت، ویلا,75,200,1,4,6,4.9,5,5,5,4.8,4.8,5,5,,,اقامتگاه پلاس؛ رزرو فوری,سمیه,2026-05-31,100,241,1,,متوسط,مشترک (فضای مشترک با میزبان یا مهمان دیگر),300000,,,,,,,ذکر شده,,مشترک (فضای مشترک با میزبان یا مهمان دیگر),ذکر شده,,,یک دستگاه اسپیلت 18000 در پذیرایی,یک شعله بخاری گازی در پذیرایی,پذیرش (قانون صریح),,52.7388,36.3645,active,db
3304115,/room/3304115,سوئیت مبله در بابلکنار - امامزاده رضا- ط۳,بابلکنار,نامطمئن,other,,آپارتمان، سوئیت,50,1000,0,4,5,,0,,,,,,,,,تازه ثبت‌شده,حسین,2025-01-13,74,264,1,,آسان,مشترک (فضای مشترک با میزبان یا مهمان دیگر),300000,,,,,,,ذکر شده,,مشترک (فضای مشترک با میزبان یا مهمان دیگر),ذکر شده,,,,یک شعله بخاری گازی در پذیرایی,پذیرش (قانون صریح),,52.6837,36.3231,active,db
3304884,/room/3304884,سوئیت مبله در بابلکنار - درازکلا - همکف,درازکلا,بله,other,,سوئیت,55,500,0,2,2,3.8,1,4,5,4,3,4,3,,,,علی,2026-06-09,100,652,1,,متوسط,مشترک (فضای مشترک با میزبان یا مهمان دیگر),500000,,,,,,,,,مشترک (فضای مشترک با میزبان یا مهمان دیگر),ذکر شده,,,یک دستگاه اسپیلت 18000 در پذیرایی,یک شعله بخاری گازی در پذیرایی,پذیرش (قانون صریح),,52.7274,36.3354,active,db
3305385,/room/3305385,ویلا با استخر و جکوزی در بابلکنار - انارستان,بابلکنار,نامطمئن,other,,ویلا,180,190,1,3,12,4.4,9,4.4,4.9,4,4.2,4.8,3.8,,,,عقیل,2026-06-24,96,303,1,,متوسط,دربست,900000,دارد,8 نفره,دارد,,,,ذکر شده,,,,,,یک دستگاه اسپلیت 24000 در پذیرایی,,پذیرش (قانون صریح),,52.7101,36.4057,active,db
3306318,/room/3306318,ویلا در بابلکنار - درونکلا شرقی,درونکلا,بله,other,,ویلا,80,250,1,4,6,5,1,5,5,5,5,5,5,,,,علیرضا,2024-11-11,80,337,1,,متوسط,دربست,300000,,,,,,,ذکر شده,,,ذکر شده,,,یک دستگاه اسپیلت 24000 در پذیرایی,پکیج - رادیاتور,پذیرش (قانون صریح),,52.739,36.3935,active,db
3307484,/room/3307484,خانه ویلایی در بابلکنار - شیردارکلا,شیردارکلا,بله,other,,سوئیت، ویلا,90,170,1,4,5,,0,,,,,,,,,تازه ثبت‌شده,لیلا,2026-06-02,76,438,1,,متوسط,دربست,500000,,,,,,,ذکر شده,,,ذکر شده,,,یک دستگاه اسپلیت 30000 در پذیرایی,یک شعله بخاری گازی در پذیرایی و یک شعله بخاری گازی در اتاق خواب,پذیرش (قانون صریح),,52.7652,36.3373,active,cabins، db
3307485,/room/3307485,خانه ویلایی در بابلکنار - گونه کلا,گونه کلا,بله,other,,ویلا,100,140,2,4,6,5,1,5,5,5,5,5,5,,,,هستی,2026-07-18,100,276,1,,متوسط,دربست,500000,,,,,,,ذکر شده,,,,,,یک دستگاه اسپلیت 24000 در پذیرایی هر طبقه,یک شعله بخاری گازی در پذیرایی,پذیرش (قانون صریح),,52.7786,36.3354,active,cabins، db
3308372,/room/3308372,خانه ویلایی در بابلکنار - گونه کلا,گونه کلا,بله,other,,کلبه، ویلا,120,200,2,4,12,2.7,1,3,3,3,3,3,1,,,,آرش,2026-07-18,55,351,1,,متوسط,دربست,500000,,,,,,,ذکر شده,,,ذکر شده,,,یک دستگاه اسپلیت 12000 در پذیرایی طبقه پایین و یک دستگاه اسپلیت 3000 در طبقه بالا,یک شعله بخاری گازی در پذیرایی,پذیرش (قانون صریح),,52.7894,36.3384,active,cabins، db، sweep
