شناسه,عنوان,دسته,روستا,روستا_مطمئن,متراژ_بنا,اتاق_خواب,ظرفیت_پایه,ظرفیت_حداکثر,امتیاز_کلی,تعداد_نظرات,جکوزی,استخر,حیاط_محصور,ویو_جنگل,ویو_رودخانه,دربست,حداقل_شب,هزینه_نفر_اضافه,قیمت_دوشب_وسط_هفته,وضعیت_قیمت_وسط_هفته,قیمت_دوشب_آخر_هفته,وضعیت_قیمت_آخر_هفته,روز_بسته_30d,نرخ_روز_بسته_30d,success_books,عمر_ماه,عمر_مبنا,کتاب_بر_ماه,پلاس,جدید,رزرو_فوری,وضعیت_API
3146451,کلبه چوبی دوبلکس در بابلکنار - نزدیک مرزیکلا,main,مرزیکلا,1,60,1,2,4,4.7,235,0,0,0,1,0,0,1,300000,2800000,استخراج شد,3200000,استخراج شد,7,0.226,500,86.7,db_est,5.77,1,0,1,active
3148363,کلبه جنگلی بالکن دار در بابلکنار - نزدیک مرزیکلا,main,مرزیکلا,1,42,1,2,4,4.4,216,0,0,0,1,0,0,1,300000,2600000,استخراج شد,3000000,استخراج شد,7,0.226,500,83.7,db_est,5.97,0,0,1,active
3149747,کلبه دوبلکس در سیدکلا بابلکنار,main,سیدکلا,1,56,1,5,5,4.5,28,0,0,1,0,0,0,1,0,5000000,استخراج شد,7000000,استخراج شد,3,0.097,50,32.2,db_est,1.55,0,0,1,active
3151473,کلبه چوبی و جنگلی در بابلکنار - تیرکن,main,تیرکن,1,70,1,5,7,4.9,45,0,0,1,0,0,1,1,500000,6000000,استخراج شد,7600000,استخراج شد,2,0.065,50,64.0,db_est,0.78,1,0,0,active
3151648,کلبه جنگلی در بابلکنار با ویو زیبا - کاردرکلا,main,کاردرکلا,1,50,1,3,4,4.7,155,0,0,1,1,0,0,1,300000,4000000,استخراج شد,,شب اول بسته,4,0.129,300,75.6,db_est,3.97,0,0,0,active
3152855,کلبه چوبی با جکوزی در بابلکنار - نزدیک مرزیکلا,main,مرزیکلا,1,50,0,2,2,4.8,137,1,0,0,1,0,0,1,0,4000000,استخراج شد,5000000,استخراج شد,7,0.226,300,73.8,db_est,4.07,1,0,0,active
3153216,کلبه جنگلی استخردار در کاردکلا بابلکنار - کلبه ۲,main,کاردرکلا,1,75,1,3,6,4.8,32,0,1,1,0,0,1,1,700000,9000000,استخراج شد,10600000,استخراج شد,4,0.129,50,46.4,db_est,1.08,1,0,0,active
3153254,کلبه جنگلی نزدیک لفور - افراسی,main,لفور,1,70,1,5,8,4.3,51,0,0,0,1,0,0,1,950000,7900000,استخراج شد,8900000,استخراج شد,0,0.0,100,72.4,first_review,1.38,0,0,0,active
3154396,کلبه چوبی جکوزی دار در بابلکنار,main,شیردارکلا,1,70,0,4,5,4.7,29,1,0,1,1,0,0,1,800000,10560000,استخراج شد,15960000,استخراج شد,5,0.161,20,32.4,db_est,0.62,0,0,0,active
3157431,کلبه چوبی جنگلی در بابلکنار - نزدیک مرزیکلا,main,مرزیکلا,1,30,0,2,3,4.7,285,0,0,0,1,0,0,1,300000,2600000,استخراج شد,3000000,استخراج شد,7,0.226,600,63.0,db_est,9.52,1,0,1,active
3161999,رزرو کلبه چوبی دوبلکس در بابلکنار - گونه کلا,main,گونه کلا,1,80,1,6,6,4.5,5,1,0,1,0,1,1,1,1000000,7360000,استخراج شد,,شب اول بسته؛ شب دوم بسته,9,0.29,5,25.2,db_est,0.2,0,0,0,active
3162290,رزرو کلبه جنگلی در بابلکنار - جاجن,main,بابلکنار,0,60,1,2,4,5.0,2,0,0,1,1,0,0,1,500000,2410000,استخراج شد,3125000,استخراج شد,2,0.065,5,29.1,db_est,0.17,0,0,0,active
3164126,منزل مبله در لفور سوادکوه,main,لفور,1,150,3,4,18,4.9,96,0,0,1,0,0,0,1,600000,,شب اول بسته؛ شب دوم بسته,,شب اول بسته؛ شب دوم بسته,12,0.387,100,47.8,first_review,2.09,1,0,0,active
3164138,کلبه دو طبقه در لفور سوادکوه,main,لفور,1,50,1,4,8,4.8,66,0,0,1,0,0,0,1,600000,6000000,استخراج شد,,شب اول بسته؛ شب دوم بسته,7,0.226,100,47.8,first_review,2.09,1,0,0,active
3164283,کلبه چوبی در بابلکنار - مرزیکلا,main,مرزیکلا,1,42,0,5,5,4.3,1,0,0,1,0,0,0,1,400000,7200000,استخراج شد,7200000,استخراج شد,0,0.0,0,10.4,db_est,0.0,0,0,0,active
3164584,کلبه سوئیسی جکوزی دار در سوادکوه,main,,0,70,1,2,3,4.9,552,1,0,1,1,0,1,1,900000,,شب دوم بسته,,شب اول بسته؛ شب دوم بسته,19,0.613,800,46.2,db_est,17.32,1,0,1,active
3165107,اجاره کلبه جنگلی در بابلکنار - کادرکلا,main,کاردرکلا,1,30,1,3,4,4.4,176,0,0,0,1,1,0,1,300000,4000000,استخراج شد,5000000,استخراج شد,1,0.032,300,53.5,db_est,5.61,0,0,0,active
3165298,اجاره خانه دوبلکس در بابلکنار - چهره,main,چهره,1,140,2,3,4,4.9,9,0,0,1,0,0,1,1,400000,5400000,استخراج شد,,شب دوم بسته,2,0.065,5,22.6,db_est,0.22,1,0,1,active
3168158,کلبه چوبی دوبلکس در بابلکنار - رئیس کلا,main,رئیسکلا,1,65,1,2,4,4.8,249,0,0,1,1,0,1,1,250000,4400000,استخراج شد,,شب دوم بسته,5,0.161,400,51.3,db_est,7.8,1,0,1,active
3169828,کلبه چوبی در بابلکنار - تیرکن,main,تیرکن,1,30,0,3,3,4.9,36,0,0,1,0,0,1,1,300000,5000000,استخراج شد,6600000,استخراج شد,0,0.0,50,50.9,db_est,0.98,1,0,0,active
3172176,کلبه سوئیسی با جکوزی در بابلکنار - هلی خال,main,بابلکنار,0,40,1,2,3,4.7,90,1,0,1,0,0,1,1,300000,6000000,استخراج شد,7500000,استخراج شد,2,0.065,100,49.6,db_est,2.02,1,0,0,active
3173430,خانه چوبی دو طبقه با چشم انداز دریاچه لفور,main,لفور,1,60,1,2,2,4.7,60,0,0,0,0,0,1,2,0,8400000,استخراج شد,8400000,استخراج شد,2,0.065,100,29.6,first_review,3.38,1,0,0,active
3173539,اجاره کلبه چوبی جنگلی در بابلکنار - کاردرکلا,main,کاردرکلا,1,40,1,4,4,4.4,152,0,0,0,1,1,0,1,300000,4000000,استخراج شد,5400000,استخراج شد,2,0.065,300,41.9,db_est,7.16,0,0,0,active
3174191,کلبه چوبی جکوزی دار در بابلکنار - اطلس ۱,main,بابلکنار,0,50,1,2,4,4.8,160,1,0,0,0,0,1,1,500000,6400000,استخراج شد,8000000,استخراج شد,5,0.161,300,48.6,db_est,6.17,1,0,0,active
3174226,کلبه چوبی در بابلکنار - مرزیکلا - اطلس ۲,main,مرزیکلا,1,50,1,2,4,4.7,153,1,0,1,0,0,1,1,500000,6600000,استخراج شد,8400000,استخراج شد,4,0.129,300,48.4,db_est,6.2,1,0,0,active
3174812,اجاره کلبه سوئیسی در بابلکنار - چهره,main,چهره,1,45,1,2,6,4.5,118,0,0,1,0,0,0,1,250000,,شب اول بسته؛ شب دوم بسته,,شب اول بسته؛ شب دوم بسته,15,0.484,200,48.2,db_est,4.15,0,0,0,active
3176224,کلبه سوئیسی استخردار در بابلکنار,main,شیردارکلا,1,90,2,4,5,4.7,36,0,1,1,1,1,1,1,900000,23600000,استخراج شد,25600000,استخراج شد,8,0.258,50,42.1,db_est,1.19,0,0,1,active
3176328,رزرو کلبه چوبی دوبلکس در شیرگاه - گونه کلا,main,گونه کلا,1,40,1,4,4,4.8,97,0,0,1,0,0,0,1,300000,4400000,استخراج شد,6000000,استخراج شد,3,0.097,100,47.4,first_review,2.11,1,0,0,active
3176580,کلبه سوئیسی جکوزی دار در بابلکنار - چهره,main,چهره,1,60,1,2,3,4.8,234,1,0,1,0,0,1,1,500000,7240000,استخراج شد,8100000,استخراج شد,4,0.129,300,47.2,db_est,6.36,1,0,1,active
3177124,کلبه چوبی جکوزی دار نزدیک لفور - آرتینا ۱,main,لفور,1,75,0,2,4,4.9,88,1,0,1,0,1,0,1,1250000,13900000,استخراج شد,,شب دوم بسته,15,0.484,100,47.2,db_est,2.12,1,0,1,active
3177174,کلبه چوبی جکوزی دار نزدیک لفور- آرتینا ۳,main,لفور,1,65,0,2,3,4.9,104,1,0,1,0,1,0,1,1250000,13900000,استخراج شد,,شب اول بسته؛ شب دوم بسته,15,0.484,200,47.2,db_est,4.24,1,0,1,active
3177175,کلبه سوئیسی جکوزی دار نزدیک لفور - آرتینا ۲,main,لفور,1,60,1,2,2,4.9,110,1,0,1,0,1,0,1,0,,شب اول بسته؛ شب دوم بسته,,شب دوم بسته,23,0.742,200,47.2,db_est,4.24,1,0,1,active
3178324,کلبه سنتی با چشم انداز زیبا در لفور - میرارکلا,main,لفور,1,100,1,4,10,4.6,148,0,0,0,0,0,0,2,1000000,14000000,استخراج شد,,شب اول بسته؛ شب دوم بسته,12,0.387,200,46.4,first_review,4.31,1,0,1,active
3178842,اجاره کلبه سوئیسی در بابلکنار - سیادرکا,main,سیادرکا,1,120,1,6,8,4.6,185,0,1,1,0,0,1,1,400000,,شب اول بسته,,شب اول بسته,10,0.323,300,45.7,db_est,6.56,1,0,1,active
3178917,کلبه سوئیسی استخردار در سوادکوه - شیردارکلا,main,شیردارکلا,1,120,3,6,6,4.9,172,0,1,1,0,1,1,1,250000,,شب اول بسته؛ شب دوم بسته,,شب اول بسته؛ شب دوم بسته,21,0.677,200,46.1,db_est,4.34,1,0,1,active
3179336,کلبه سوئیسی با وان جکوزی در بابلکنار- سیدکلا,main,سیدکلا,1,68,1,4,5,4.8,182,1,0,1,0,0,1,1,400000,,شب اول بسته؛ شب دوم بسته,,شب اول بسته؛ شب دوم بسته,26,0.839,300,40.9,db_est,7.33,1,0,1,active
3179404,اجاره کلبه چوبی نزدیک لفور - سیدکلا,main,سیدکلا,1,65,1,2,4,4.7,5,0,0,1,0,0,0,1,700000,5000000,استخراج شد,8500000,استخراج شد,0,0.0,5,39.7,db_est,0.13,0,0,0,active
3179485,کلبه سوئیسی در لفور ویو دریاچه - میرارکلا,main,لفور,1,120,2,4,6,4.4,155,0,0,0,1,0,0,1,800000,,شب اول بسته,,شب اول بسته,12,0.387,300,45.1,first_review,6.65,0,0,0,active
3180461,کلبه چوبی در پارک جنگلی بزچفت - طبقه اول,main,بزچفت,1,65,2,3,6,4.9,4,0,0,1,0,0,0,2,500000,5000000,استخراج شد,7000000,استخراج شد,3,0.097,5,44.0,db_est,0.11,0,0,0,active
3180488,کلبه سوئیسی در لفور - امام کلا,main,لفور,1,45,1,2,4,4.9,26,0,0,1,0,0,1,1,500000,19000000,استخراج شد,16950000,استخراج شد,4,0.129,20,40.7,first_review,0.49,1,0,1,active
3180634,کلبه سوئیسی در بابلکنار - بزچفت,main,بزچفت,1,40,1,2,4,4.8,95,0,0,0,0,0,1,1,200000,3200000,استخراج شد,,شب اول بسته؛ شب دوم بسته,7,0.226,100,44.4,db_est,2.25,1,0,0,active
3180870,کلبه سوئیسی در بابلکنار - سیاه درکا - و ۳,main,بابلکنار,0,75,1,2,4,4.2,25,0,0,1,0,0,0,1,50000,3000000,استخراج شد,6000000,استخراج شد,0,0.0,20,44.5,db_est,0.45,0,0,0,active
3181043,اجاره کلبه سوئیسی بابلکنار  - سیاه درکا - و ۵,main,بابلکنار,0,75,1,2,4,4.3,31,0,0,0,0,0,0,1,150000,3000000,استخراج شد,6000000,استخراج شد,0,0.0,50,44.4,db_est,1.13,0,0,0,active
3181918,کلبه سوئیسی جکوزی دار نزدیک لفور - سیدکلا,main,سیدکلا,1,78,1,4,7,4.5,283,1,0,0,0,0,1,1,350000,,شب اول بسته؛ شب دوم بسته,,شب اول بسته؛ شب دوم بسته,17,0.548,500,43.7,db_est,11.44,1,0,1,active
3182019,اجاره کلبه سوئیسی بابلکنار  - سیاه درکا - و ۲,main,بابلکنار,0,55,1,2,4,4.7,26,0,0,0,0,0,0,1,600000,3000000,استخراج شد,6000000,استخراج شد,0,0.0,20,43.7,db_est,0.46,0,0,0,active
3184142,اجاره خانه چوبی استخردار در سیدکلا بابلکنار,main,سیدکلا,1,60,1,4,6,4.5,21,0,1,1,0,0,1,2,400000,10000000,استخراج شد,12000000,استخراج شد,0,0.0,20,42.4,db_est,0.47,0,0,0,active
3184833,اجاره کلبه چوبی دوبلکس در بابلکنار - درازکلا,main,درازکلا,1,60,1,2,4,4.5,22,0,0,1,1,0,0,1,400000,6500000,استخراج شد,7900000,استخراج شد,0,0.0,20,42.3,db_est,0.47,0,0,0,active
3185525,اجاره کلبه چوبی در بابلکنار - موزی کتی,main,بابلکنار,0,50,1,2,4,4.7,30,0,0,1,0,0,1,1,500000,,شب دوم بسته,,شب دوم بسته,7,0.226,50,42.1,db_est,1.19,1,0,0,active
3186801,کلبه سوئیسی بابلکنار - بالف کلا غربی - سورپرایز,main,بالفکلا,1,42,1,2,4,4.9,114,0,0,1,0,0,0,1,400000,4800000,استخراج شد,5650000,استخراج شد,3,0.097,100,41.9,db_est,2.39,1,0,1,active
3186809,اجاره کلبه سوئیسی در چهره بابلکنار,main,چهره,1,70,1,4,6,4.9,35,0,0,0,0,0,0,1,500000,9600000,استخراج شد,,شب اول بسته؛ شب دوم بسته,2,0.065,50,40.6,db_est,1.23,1,0,1,active
3186851,اجاره کلبه سوئیسی در لفور - امام کلا,main,لفور,1,70,1,4,6,4.7,37,0,0,1,0,0,0,1,400000,11270000,استخراج شد,11270000,استخراج شد,4,0.129,50,40.7,first_review,1.23,1,0,0,active
3186964,کلبه سوئیسی با جکوزی در بابلکنار - گونه کلا,main,گونه کلا,1,150,1,2,4,4.9,114,1,0,1,1,0,0,1,1000000,12200000,استخراج شد,,شب اول بسته؛ شب دوم بسته,11,0.355,100,41.0,db_est,2.44,1,0,1,active
3187595,اجاره کلبه چوبی در لفور - پاشاکلا - یکخوابه,main,لفور,1,35,1,4,8,4.7,53,0,0,1,0,0,0,1,300000,,شب اول بسته؛ شب دوم بسته,,شب دوم بسته,10,0.323,100,36.1,first_review,2.77,1,0,0,active
3187864,کلبه سوئیسی استخردار در مرزیکلا,main,مرزیکلا,1,40,1,2,4,4.6,46,0,1,1,0,0,0,1,150000,9000000,استخراج شد,,شب اول بسته؛ شب دوم بسته,3,0.097,50,41.0,db_est,1.22,1,0,0,active
3189251,خانه چوبی نزدیک برکه در لفور - طبقه اول,main,لفور,1,65,2,4,10,4.4,81,0,0,0,0,0,0,1,200000,8000000,استخراج شد,,شب اول بسته؛ شب دوم بسته,6,0.194,100,37.1,first_review,2.7,0,0,1,active
3190268,کلبه چوبی در بابلکنار - شیردارکلا - ط بالا,main,شیردارکلا,1,55,1,3,6,4.8,24,0,0,1,0,0,1,1,400000,5000000,استخراج شد,5500000,استخراج شد,0,0.0,20,40.6,db_est,0.49,0,0,0,active
3190495,کلبه چوبی استخردار در مرزیکلا,main,مرزیکلا,1,95,2,4,6,4.9,163,0,1,1,0,0,1,1,800000,13600000,استخراج شد,16300000,استخراج شد,6,0.194,300,41.0,db_est,7.32,1,0,1,active
3190552,اجاره کلبه چوبی در سوادکوه - سیدکلا,main,سیدکلا,1,60,1,4,6,5.0,35,0,0,1,0,0,1,1,500000,,شب اول بسته؛ شب دوم بسته,,شب اول بسته؛ شب دوم بسته,17,0.548,50,34.3,db_est,1.46,1,0,0,active
3190700,اجاره کلبه چوبی در بابلکنار - سیدکلا,main,سیدکلا,1,100,2,4,6,4.9,42,0,0,1,0,0,1,1,550000,7960000,استخراج شد,,شب دوم بسته,6,0.194,50,12.5,db_est,4.0,1,0,1,active
3190982,خانه حیاط دار در بابل - درازکلا,main,درازکلا,1,65,1,4,6,4.3,26,0,0,1,1,0,1,1,150000,2600000,استخراج شد,2800000,استخراج شد,0,0.0,50,39.3,db_est,1.27,0,0,0,active
3191722,کلبه چوبی در بابلکنار - فراملک,main,فراملک,1,75,2,2,6,4.7,42,0,0,1,0,0,1,1,500000,3300000,استخراج شد,3500000,استخراج شد,7,0.226,50,11.6,db_est,4.31,1,0,0,active
3191901,اجاره کلبه چوبی در بابل - هلی خال,main,,0,50,1,2,4,4.4,16,0,0,1,0,0,1,1,500000,4000000,استخراج شد,5000000,استخراج شد,1,0.032,20,40.5,db_est,0.49,0,0,0,active
3191936,کلبه سوئیسی در بابلکنار - مرزیکلا,main,مرزیکلا,1,50,1,2,4,4.9,21,0,0,1,1,0,0,1,200000,,شب اول بسته؛ شب دوم بسته,,شب اول بسته؛ شب دوم بسته,15,0.484,20,41.0,db_est,0.49,0,0,0,inactive
3192015,کلبه استخردار در بابلکنار,main,بابلکنار,0,70,1,4,6,4.8,20,0,1,1,0,0,1,1,1000000,16000000,استخراج شد,24000000,استخراج شد,5,0.161,20,41.1,db_est,0.49,0,0,0,active
3192184,کلبه سوئیسی استخردار در بابلکنار - کاردگرکلا,main,کاردرکلا,1,65,1,2,6,4.7,95,0,1,1,0,0,1,1,400000,13000000,استخراج شد,15500000,استخراج شد,5,0.161,100,39.7,db_est,2.52,1,0,0,active
3192700,اجاره کلبه چوبی جنگلی در بابلکنار - مرزیکتی,main,بابلکنار,0,40,1,4,6,4.6,68,0,0,0,1,1,0,1,300000,6000000,استخراج شد,8400000,استخراج شد,2,0.065,100,40.9,db_est,2.44,1,0,0,active
3193647,اجاره کلبه چوبی در بابلکنار - کاردرکلا,main,کاردرکلا,1,60,0,3,5,4.7,7,0,0,0,0,0,0,1,6000,6400000,استخراج شد,8600000,استخراج شد,0,0.0,10,40.5,db_est,0.25,0,0,0,active
3193879,کلبه چوبی در بابلکنار - سیاه درکا,main,بابلکنار,0,50,1,2,4,5.0,137,0,0,0,0,0,1,1,400000,,شب اول بسته,,شب دوم بسته,6,0.194,100,40.7,db_est,2.46,1,0,1,active
3194108,کلبه سوئیسی در لفور - میرارکلا,main,لفور,1,35,1,2,4,4.9,92,0,0,1,0,0,0,1,1500000,12000000,استخراج شد,12000000,استخراج شد,3,0.097,100,36.1,first_review,2.77,1,0,0,active
3194695,اجاره کلبه چوبی دوبلکس در بابلکنار - سیادرکا,main,سیادرکا,1,87,1,4,4,4.7,65,1,0,1,0,0,1,1,300000,5340000,استخراج شد,,شب دوم بسته,13,0.419,100,40.2,db_est,2.49,1,0,0,active
3194752,اجاره کلبه چوبی در بابلکنار - کاردرکلا,main,کاردرکلا,1,100,2,4,10,4.8,16,0,0,1,0,0,0,1,500000,6600000,استخراج شد,8000000,استخراج شد,3,0.097,20,39.1,db_est,0.51,0,0,0,active
3194884,اجاره کلبه در سیادرکا بابلکنار,main,سیادرکا,1,35,1,2,4,4.9,6,0,0,0,0,0,1,1,200000,3600000,استخراج شد,5000000,استخراج شد,5,0.161,5,40.1,db_est,0.12,0,0,0,active
3195220,اجاره کلبه سنتی نزدیک لفور - سیدکلا,main,سیدکلا,1,95,2,4,6,2.8,1,0,0,1,0,0,0,1,900000,7000000,استخراج شد,10000000,استخراج شد,0,0.0,0,39.7,db_est,0.0,0,0,0,active
3195657,کلبه سوئیسی در کالیکلا لفور,main,لفور,1,60,1,2,6,4.8,135,0,0,1,0,0,1,1,900000,5600000,استخراج شد,7500000,استخراج شد,7,0.226,200,39.9,first_review,5.01,1,0,1,active
3195933,کلبه سوئیسی نزدیک لفور - سیدکلا,main,سیدکلا,1,65,1,2,4,4.6,28,0,0,1,0,0,0,1,700000,5000000,استخراج شد,8500000,استخراج شد,0,0.0,50,39.7,db_est,1.26,0,0,0,active
3196659,کلبه سوئیسی جکوزی دار در مرزیکلا,main,مرزیکلا,1,70,1,4,4,4.6,148,1,0,1,0,0,0,1,400000,6600000,استخراج شد,7100000,استخراج شد,3,0.097,300,39.7,db_est,7.56,1,0,1,active
3196695,کلبه چوبی با ویو ابدی در شیرگاه - گونه کلا,main,گونه کلا,1,60,2,4,6,4.8,57,0,0,1,0,0,0,1,400000,,شب اول بسته,7180000,استخراج شد,10,0.323,100,39.0,first_review,2.56,1,0,0,active
3198108,ویلا سوئیسی در بابلکنار - کاردرکلا,main,کاردرکلا,1,75,1,2,5,4.7,28,0,0,1,0,0,1,1,200000,,شب اول بسته,8000000,استخراج شد,5,0.161,50,26.1,db_est,1.92,1,0,0,active
3198234,اجاره کلبه سوئدی نزدیک لفور - سیدکلا - ۲,main,سیدکلا,1,80,1,2,4,4.2,13,0,0,1,0,0,0,1,900000,5000000,استخراج شد,8500000,استخراج شد,0,0.0,10,39.2,db_est,0.26,0,0,0,active
3198301,اجاره کلبه سوئدی نزدیک لفور - سیدکلا,main,سیدکلا,1,80,1,2,4,4.7,3,0,0,1,0,0,0,1,700000,5000000,استخراج شد,8800000,استخراج شد,0,0.0,5,39.1,db_est,0.13,0,0,0,active
3198940,کلبه چوبی جکوزی دار در بابلکنار - گونه کلا,main,گونه کلا,1,40,1,6,6,4.7,20,1,0,1,0,0,1,1,500000,5990000,استخراج شد,9000000,استخراج شد,0,0.0,20,38.7,db_est,0.52,0,0,0,inactive
3199443,اجاره کلبه چوبی در بابلکنار - شیردارکلا,main,شیردارکلا,1,75,1,4,6,5.0,1,1,0,1,0,0,1,1,100000,,شب اول بسته؛ شب دوم بسته,11300000,استخراج شد,25,0.806,0,29.2,db_est,0.0,0,0,0,active
3199786,کلبه در بابلکنار - گونه کلا,main,گونه کلا,1,60,1,4,6,4.5,9,1,0,1,0,0,0,1,200000,8000000,استخراج شد,,شب دوم بسته,3,0.097,10,38.1,db_est,0.26,0,0,0,active
3201318,کلبه حیاط دار در بابلکنار - سیدکلا,main,سیدکلا,1,60,1,4,6,4.9,168,0,0,1,0,0,1,1,500000,5400000,استخراج شد,5400000,استخراج شد,4,0.129,300,37.8,db_est,7.94,1,0,1,active
3201653,اجاره کلبه چوبی جکوزی دار در بابلکنار - هلی خال,main,بابلکنار,0,72,1,4,4,4.5,21,1,0,1,0,0,1,1,500000,11000000,استخراج شد,17000000,استخراج شد,3,0.097,20,37.8,db_est,0.53,0,0,0,active
3202504,کلبه چوبی جکوزی دار در بابلکنار - درازکلا,main,درازکلا,1,65,1,2,6,4.7,10,1,0,1,0,0,1,1,400000,,شب اول بسته؛ شب دوم بسته,,شب اول بسته؛ شب دوم بسته,15,0.484,10,37.0,db_est,0.27,0,0,0,inactive
3202823,کلبه سوئیسی در بابلکنار - درازکلا,main,درازکلا,1,50,1,2,2,4.6,51,0,0,1,1,0,1,1,0,7600000,استخراج شد,,شب دوم بسته,8,0.258,50,35.3,db_est,1.42,1,0,1,active
3203064,اجاره کلبه سوئیسی در سوادکوه - درازکلا,main,درازکلا,1,45,1,2,4,5.0,113,0,0,1,1,0,1,1,4200000,4980000,استخراج شد,,شب اول بسته,7,0.226,100,37.3,db_est,2.68,1,0,0,active
3203377,اجاره کلبه چوبی حیاط دار در بابلکنار - چهره,main,چهره,1,35,0,4,6,4.9,43,0,0,0,0,0,1,1,350000,,شب اول بسته؛ شب دوم بسته,,شب اول بسته؛ شب دوم بسته,15,0.484,50,37.1,db_est,1.35,1,0,0,active
3204245,کلبه چوبی در لفور - پاشاکلا - لب رودخانه,main,لفور,1,18,0,3,4,4.8,185,0,0,1,0,0,0,1,300000,3000000,استخراج شد,3000000,استخراج شد,4,0.129,300,36.2,first_review,8.29,1,0,0,active
3204775,کلبه سوئیسی جکوزی دار در بابلکنار - مرزیکلا,main,مرزیکلا,1,50,1,2,3,4.7,78,1,0,1,0,0,1,1,350000,6400000,استخراج شد,7650000,استخراج شد,3,0.097,100,35.8,db_est,2.79,1,0,1,active
3206003,کلبه سوئدی در لفور - شاهکلا,main,لفور,1,50,1,3,5,4.9,152,0,0,0,1,0,1,1,1000000,,شب اول بسته؛ شب دوم بسته,,شب اول بسته؛ شب دوم بسته,27,0.871,200,35.4,first_review,5.65,1,0,1,active
3206100,اجاره کلبه سوئیسی در بابلکنار - چهره,main,چهره,1,50,1,2,4,4.8,43,0,0,0,0,0,1,1,300000,4000000,استخراج شد,5000000,استخراج شد,9,0.29,50,35.4,db_est,1.41,0,0,0,active
3206573,کلبه چوبی دوبلکس نزدیک لفور - سیدکلا,main,سیدکلا,1,60,2,3,6,4.7,122,0,0,1,0,0,1,1,400000,,شب اول بسته؛ شب دوم بسته,7500000,استخراج شد,7,0.226,200,36.0,db_est,5.56,1,0,1,active
3206720,کلبه چوبی جکوزی دار در بابلکنار - سیدکلا,main,سیدکلا,1,75,2,4,7,4.7,10,1,0,0,1,0,0,1,550000,8000000,استخراج شد,11000000,استخراج شد,4,0.129,10,35.6,db_est,0.28,1,0,0,active
3207306,اجاره کلبه سوئیسی در بابلکنار - شیردارکلا,main,شیردارکلا,1,70,1,4,6,4.6,26,0,0,1,0,0,1,1,400000,4000000,استخراج شد,5400000,استخراج شد,3,0.097,20,27.4,db_est,0.73,1,0,0,active
3208040,اجاره کلبه چوبی در بابلکنار - کاردرکلا,main,کاردرکلا,1,70,0,3,6,4.4,12,0,0,0,0,0,1,1,500000,6600000,استخراج شد,,شب اول بسته,9,0.29,10,35.5,db_est,0.28,0,0,0,active
3208548,کلبه سوئیسی در بابلکنار - کاردرکلا,main,کاردرکلا,1,84,1,4,6,4.8,36,0,0,1,0,0,1,1,500000,6000000,استخراج شد,6000000,استخراج شد,3,0.097,50,35.0,db_est,1.43,1,0,1,active
3208972,کلبه سوئیسی جکوزی دار در بابلکنار - سیاه درکا,main,بابلکنار,0,50,1,4,4,4.5,97,1,0,1,0,0,1,1,300000,4800000,استخراج شد,6800000,استخراج شد,24,0.774,200,31.3,db_est,6.39,1,0,0,active
3209080,کلبه سوئیسی استخردار در بابلکنار - شیردارکلا,main,شیردارکلا,1,70,1,4,4,4.1,10,0,1,1,0,0,1,1,300000,6000000,استخراج شد,11600000,استخراج شد,2,0.065,10,34.8,db_est,0.29,0,0,0,active
3209086,اجاره کلبه سوئدی در نزدیکی لفور - قرآن تلار,main,قرآن تالار,1,75,2,4,6,4.9,49,0,0,1,0,0,1,1,500000,,شب اول بسته,,شب اول بسته؛ شب دوم بسته,11,0.355,100,34.8,db_est,2.87,1,0,0,active
3209354,کلبه سوئیسی بابلکنار- بالف کلا غربی - ماه عسل,main,بالفکلا,1,42,1,2,4,4.6,13,0,0,1,0,0,0,1,400000,4800000,استخراج شد,5650000,استخراج شد,3,0.097,10,35.0,db_est,0.29,1,0,1,active
3209355,کلبه سوئیسی در بابلکنار - بالف کلا غربی - vip,main,بالفکلا,1,42,1,2,4,4.9,13,0,0,1,0,0,0,1,400000,4800000,استخراج شد,5650000,استخراج شد,3,0.097,10,35.0,db_est,0.29,0,0,0,active
3209766,کلبه سوئیسی جکوزی دار در بابلکنار - درازکلا,main,درازکلا,1,60,1,2,6,4.9,33,1,0,1,0,0,0,1,500000,7900000,استخراج شد,10190000,استخراج شد,3,0.097,50,26.1,db_est,1.92,1,0,0,active
3210863,کلبه دوبلکس استخردار در لفور - نفت چال,main,لفور,1,60,1,4,5,4.6,54,0,1,1,1,0,0,1,1000000,19000000,استخراج شد,,شب اول بسته؛ شب دوم بسته,21,0.677,100,32.3,first_review,3.1,1,0,1,active
3212136,کلبه سوئیسی جکوزی دار در بابلکنار - قرآن تالار,main,قرآن تالار,1,70,2,4,6,4.7,175,1,0,1,0,0,1,1,800000,5600000,استخراج شد,6400000,استخراج شد,3,0.097,300,33.5,db_est,8.96,1,0,1,active
3212511,کلبه چوبی دوبلکس در بابلکنار - قرآن تالار,main,قرآن تالار,1,40,1,2,6,4.8,38,0,0,1,0,0,0,1,300000,4000000,استخراج شد,6000000,استخراج شد,6,0.194,50,33.2,db_est,1.51,1,0,1,active
3212564,کلبه سوئیسی جکوزی دار رو به دریاچه در لفور,main,لفور,1,35,1,2,3,4.9,117,1,0,1,0,0,0,1,1500000,13600000,استخراج شد,13600000,استخراج شد,5,0.161,200,32.9,first_review,6.08,1,0,0,active
3212575,ویلا چوبی در بابلکنار - گونه کلا,main,گونه کلا,1,75,2,4,4,5.0,25,0,0,0,0,0,1,1,200000,7000000,استخراج شد,7000000,استخراج شد,2,0.065,20,33.2,db_est,0.6,0,0,0,active
3213707,کلبه سوئیسی جکوزی دار در بابلکنار - درازکلا,main,درازکلا,1,60,1,2,4,4.8,65,1,0,1,0,0,1,1,700000,9800000,استخراج شد,12400000,استخراج شد,2,0.065,100,24.0,db_est,4.17,1,0,0,active
3214155,کلبه سوئیسی در لفور - رئیسکلا,main,رئیسکلا,1,90,2,4,6,4.3,41,0,0,0,0,0,0,1,300000,7600000,استخراج شد,9000000,استخراج شد,4,0.129,100,31.6,first_review,3.16,0,0,0,active
3214205,کلبه سوئیسی در بابلکنار - سیاه درکا,main,بابلکنار,0,50,1,2,4,4.8,7,0,0,1,0,0,1,1,350000,4800000,استخراج شد,7300000,استخراج شد,2,0.065,5,32.5,db_est,0.15,0,0,0,active
3215006,کلبه سوئیسی با وان جکوزی در لفور - آغوزبن,main,لفور,1,60,1,2,4,4.4,34,1,0,1,0,0,1,1,950000,5500000,استخراج شد,10500000,استخراج شد,1,0.032,50,31.8,first_review,1.57,0,0,0,active
3215235,کلبه سوئیسی جکوزی دار در بابلکنار - درازکلا,main,درازکلا,1,70,1,2,4,4.7,31,1,0,1,0,0,1,1,700000,6800000,استخراج شد,13200000,استخراج شد,1,0.032,50,29.5,db_est,1.69,1,0,0,active
3215808,کلبه سوئیسی جکوزی دار در بابلکنار - سید کلا,main,سیدکلا,1,130,2,4,6,4.8,22,1,0,1,0,0,1,1,1000000,15000000,استخراج شد,,شب اول بسته؛ شب دوم بسته,11,0.355,20,31.3,db_est,0.64,0,0,0,active
3216368,کلبه سوئیسی تراس دار در بابلکنار - مرزیکلا,main,مرزیکلا,1,85,2,2,6,4.9,40,0,0,1,0,0,1,1,700000,11000000,استخراج شد,15000000,استخراج شد,4,0.129,50,31.3,db_est,1.6,1,0,1,active
3216857,کلبه سوئیسی در لفور - درزیکلا - کلبه ۱,main,لفور,1,84,1,4,8,4.3,38,0,0,1,0,0,0,1,800000,5000000,استخراج شد,8500000,استخراج شد,3,0.097,50,28.6,first_review,1.75,0,0,1,active
3216934,کلبه سوئیسی در بابلکنار - آرکا,main,بابلکنار,0,72,1,3,5,4.8,28,0,0,1,0,0,1,1,450000,,شب اول بسته؛ شب دوم بسته,,شب دوم بسته,13,0.419,50,30.8,db_est,1.62,1,0,1,active
3217663,اجاره کلبه سوئیسی در بابل - ویارسره,main,,0,60,1,2,4,4.8,9,0,0,1,0,0,1,1,400000,5000000,استخراج شد,6400000,استخراج شد,6,0.194,10,30.9,db_est,0.32,0,0,0,active
3218074,اجاره کلبه سوئیسی در بابلکنار - درازکلا,main,درازکلا,1,90,1,2,4,4.7,4,0,0,1,1,0,1,2,300000,4000000,استخراج شد,7000000,استخراج شد,1,0.032,5,30.3,db_est,0.17,0,0,0,active
3218424,کلبه چوبی جکوزی دار در بابلکنار - کاردرکلا,main,کاردرکلا,1,100,2,2,6,4.9,13,1,0,1,0,0,1,1,750000,7100000,استخراج شد,20000000,استخراج شد,2,0.065,20,29.8,db_est,0.67,1,0,1,active
3218462,اجاره کلبه سوئیسی در بابلکنار - سیادرکا,main,سیادرکا,1,75,1,3,5,4.4,9,0,0,1,0,0,1,1,500000,3780000,استخراج شد,4290000,استخراج شد,3,0.097,10,30.6,db_est,0.33,0,0,0,active
3219335,اجاره کلبه سنتی در بابلکنار - درازکش,main,درازکش,1,70,1,2,4,4.4,3,0,0,1,0,0,1,1,100000,5200000,استخراج شد,7000000,استخراج شد,1,0.032,5,27.9,db_est,0.18,0,0,0,active
3220619,کلبه سوئیسی جکوزی دار در لفور - امام کلا,main,لفور,1,55,1,4,4,4.6,31,1,0,1,0,0,1,1,500000,17000000,استخراج شد,17000000,استخراج شد,3,0.097,50,26.7,first_review,1.87,1,0,1,active
3220977,کلبه سوئیسی در بابلکنار - بالف کلا غربی,main,بالفکلا,1,50,1,2,4,5.0,177,0,0,1,1,0,1,1,400000,,شب دوم بسته,5100000,استخراج شد,12,0.387,200,30.0,db_est,6.67,1,0,0,active
3221027,ویلا سوئیسی جکوزی دار در بابلکنار - کاردرکلا,main,کاردرکلا,1,100,1,2,4,4.6,13,1,0,1,0,0,0,1,500000,9000000,استخراج شد,12800000,استخراج شد,3,0.097,20,29.9,db_est,0.67,0,0,0,active
3221180,کلبه کنار رودخانه در بابلکنار - رئیس کلا,main,رئیسکلا,1,60,1,4,4,4.8,114,0,0,1,0,0,1,1,100000,5000000,استخراج شد,7000000,استخراج شد,2,0.065,100,28.8,db_est,3.47,1,0,1,active
3222129,کلبه سوئیسی با وان جکوزی در اطراف بابلکنار,main,بابلکنار,0,90,1,2,4,4.8,298,1,0,1,0,0,1,1,300000,,شب اول بسته؛ شب دوم بسته,,شب اول بسته؛ شب دوم بسته,31,1.0,400,29.7,db_est,13.47,1,0,1,active
3222143,کلبه سوئیسی در لفور - آغوزبن,main,لفور,1,25,1,2,2,4.9,173,0,0,1,1,0,1,1,450000,7000000,استخراج شد,,شب دوم بسته,5,0.161,300,28.2,first_review,10.64,1,0,0,active
3222177,اجاره کلبه چوبی دوبلکس در لفور  - افراسی,main,لفور,1,80,1,4,6,4.8,49,0,0,0,0,0,1,1,500000,10000000,استخراج شد,9500000,استخراج شد,2,0.065,50,27.8,first_review,1.8,1,0,1,active
3222284,کلبه سوئیسی در بابلکنار - درازکلا,main,درازکلا,1,53,1,2,2,4.7,38,0,0,1,0,0,1,1,400000,4600000,استخراج شد,5050000,استخراج شد,3,0.097,50,29.8,db_est,1.68,1,0,1,active
3222336,کلبه چوبی دوبلکس در لفور - افراسی,main,لفور,1,60,1,4,6,4.7,35,0,0,0,0,0,1,1,500000,12000000,استخراج شد,12000000,استخراج شد,3,0.097,50,28.3,first_review,1.77,1,0,1,active
3222490,اجاره کلبه سوئیسی با چشم انداز سد لفور,main,لفور,1,60,1,4,4,4.8,37,0,0,1,0,0,1,1,300000,10000000,استخراج شد,13000000,استخراج شد,4,0.129,50,24.5,first_review,2.04,1,0,0,active
3222812,کلبه چوبی استخردار در بابلکنار - شیردارکلا,main,شیردارکلا,1,105,2,6,8,4.9,32,0,1,1,0,0,1,1,400000,12980000,استخراج شد,,شب اول بسته؛ شب دوم بسته,13,0.419,50,29.1,db_est,1.72,1,0,0,active
3223206,اجاره کلبه چوبی دوبلکس در بابلکنار - کبریاکلا,main,کبریاکلا,1,110,2,2,4,4.6,5,0,0,1,0,0,0,1,250000,7000000,استخراج شد,8000000,استخراج شد,2,0.065,10,27.9,db_est,0.36,0,0,0,active
3223541,کلبه سوئیسی جکوزی دار در بابلکنار - درازکلا,main,درازکلا,1,60,1,2,4,4.3,43,1,0,1,0,0,0,1,500000,5000000,استخراج شد,,شب اول بسته؛ شب دوم بسته,8,0.258,50,29.0,db_est,1.72,0,0,0,active
3223855,کلبه چوبی در بابلکنار - سیادرکا,main,سیادرکا,1,50,1,4,6,4.7,52,0,0,1,0,0,0,1,150000,6000000,استخراج شد,6000000,استخراج شد,1,0.032,100,28.8,db_est,3.47,1,0,0,active
3223870,اجاره کلبه چوبی استخردار در بابلکنار - گونه کلا,main,گونه کلا,1,50,1,4,6,4.9,20,0,1,1,0,0,1,1,500000,10000000,استخراج شد,12000000,استخراج شد,0,0.0,20,29.7,db_est,0.67,0,0,0,inactive
3224141,کلبه سوئیسی استخردار در بابلکنار - بالفکلا,main,بالفکلا,1,150,3,4,8,4.8,48,0,1,1,0,0,0,1,998000,11998000,استخراج شد,17998000,استخراج شد,7,0.226,50,28.1,db_est,1.78,1,0,1,active
3224334,کلبه سوئیسی جکوزی دار در بابلکنار - گونه کلا,main,گونه کلا,1,80,1,4,10,5.0,1,1,0,1,0,0,0,1,500000,12000000,استخراج شد,12000000,استخراج شد,3,0.097,0,29.6,db_est,0.0,0,0,0,active
3224492,کلبه سوئیسی استخردار در بابلکنار - شیردارکلا,main,شیردارکلا,1,100,2,4,6,4.7,4,0,1,0,0,0,0,2,500000,,شب اول بسته؛ شب دوم بسته,,شب اول بسته؛ شب دوم بسته,19,0.613,5,28.5,db_est,0.18,0,0,0,active
3224789,کلبه سوئیسی در بابلکنار - سیادرکلا,main,سیادرکلا,1,60,1,2,4,5.0,29,0,0,1,1,0,1,1,350000,6500000,استخراج شد,7450000,استخراج شد,2,0.065,20,25.1,db_est,0.8,1,0,1,active
3224799,کلبه سوئیسی در بابلکنار - بزچفت,main,بزچفت,1,50,1,4,5,4.1,38,0,0,1,0,0,0,1,500000,5000000,استخراج شد,7000000,استخراج شد,2,0.065,50,27.8,db_est,1.8,0,0,0,active
3224873,کلبه چوبی در بابلکنار - کاردکرکلا,main,کاردرکلا,1,70,1,2,4,5.0,128,0,0,0,1,0,1,1,350000,,شب اول بسته؛ شب دوم بسته,,شب دوم بسته,13,0.419,200,28.5,db_est,7.02,1,0,1,active
3225284,اجاره کلبه سوئیسی در لفور - بورخانی,main,لفور,1,55,2,4,5,4.9,33,1,0,1,0,0,1,1,800000,,شب دوم بسته,7700000,استخراج شد,6,0.194,50,28.3,first_review,1.77,1,0,1,active
3225446,کلبه سوئیسی با جکوزی در بابلکنار - سیدکلا,main,سیدکلا,1,80,1,2,4,4.8,42,1,0,1,1,0,1,1,750000,7960000,استخراج شد,,شب دوم بسته,10,0.323,50,29.6,db_est,1.69,1,0,1,active
3225771,اجاره کلبه سوئیسی در لفور - میرارکلا,main,لفور,1,150,2,4,6,4.5,43,1,0,0,1,0,0,1,800000,,شب اول بسته,,شب اول بسته,10,0.323,50,27.8,first_review,1.8,0,0,0,active
3225787,کلبه سوئیسی جکوزی دار در بابلکنار - درازکش,main,درازکش,1,80,2,4,8,4.7,81,1,0,1,0,0,0,1,600000,7000000,استخراج شد,,شب دوم بسته,14,0.452,100,27.8,db_est,3.6,1,0,1,active
3225855,کلبه استخردار در بابلکنار - کاردرکلا - کلبه ۱,main,کاردرکلا,1,100,2,4,8,4.7,25,0,1,1,0,0,1,1,700000,,شب اول بسته؛ شب دوم بسته,,شب اول بسته؛ شب دوم بسته,16,0.516,20,29.2,db_est,0.68,1,0,0,active
3228098,اجاره کلبه دو طبقه در لفور - شاهکلا,main,لفور,1,60,1,2,6,4.6,39,1,0,0,0,0,0,1,300000,9980000,استخراج شد,11980000,استخراج شد,2,0.065,50,27.8,host_member,1.8,1,0,0,active
3228116,کلبه سوئیسی در لفور - شارقلت,main,لفور,1,45,1,4,4,4.8,68,1,0,1,1,0,0,1,500000,,شب اول بسته,12000000,استخراج شد,7,0.226,100,36.2,host_member,2.76,1,0,1,active
3228266,اجاره ویلا سوئیسی در بابلکنار - رئیس کلا,main,رئیسکلا,1,80,1,3,5,4.7,96,0,0,1,0,0,1,1,200000,3000000,استخراج شد,6000000,استخراج شد,3,0.097,100,28.5,db_est,3.51,1,0,1,active
3228478,کلبه سوئیسی استخردار در بابلکنار - گونه کلا,main,گونه کلا,1,200,2,4,6,4.9,34,0,1,1,0,0,1,1,1500000,,شب اول بسته؛ شب دوم بسته,,شب اول بسته؛ شب دوم بسته,17,0.548,20,25.4,db_est,0.79,1,0,1,active
3228846,کلبه چوبی جکوزی دار در لفور - امام کلا,main,لفور,1,50,2,4,7,4.6,54,1,0,1,0,0,0,1,400000,,شب اول بسته؛ شب دوم بسته,,شب اول بسته؛ شب دوم بسته,11,0.355,100,24.7,host_member,4.05,1,0,0,active
3228941,کلبه چوبی در شیرگاه - گونه کلا,main,گونه کلا,1,70,1,4,4,4.8,23,0,0,1,1,0,1,1,150000,7000000,استخراج شد,7350000,استخراج شد,3,0.097,20,27.7,db_est,0.72,1,0,0,active
3229028,کلبه در بابلکنار - چهره,main,چهره,1,50,1,4,6,5.0,2,0,0,0,1,0,0,1,250000,3800000,استخراج شد,7600000,استخراج شد,0,0.0,0,29.0,db_est,0.0,0,0,0,suspend
3229175,کلبه سوئیسی جکوزی دار در لفور - شاهکلا - ۲,main,لفور,1,75,1,2,4,4.9,142,1,0,1,1,0,0,1,750000,12820000,استخراج شد,17480000,استخراج شد,8,0.258,200,28.4,host_member,7.04,1,0,1,active
3229810,کلبه سوئیسی در شیرگاه - گونه کلا,main,گونه کلا,1,80,1,4,6,4.8,56,0,0,1,0,0,1,1,500000,,شب دوم بسته,12500000,استخراج شد,11,0.355,50,27.6,host_member,1.81,1,0,0,active
3229822,اجاره کلبه سوئیسی در سوادکوه - درازکلا,main,درازکلا,1,80,1,2,4,5.0,6,0,0,1,0,0,1,1,400000,5500000,استخراج شد,7500000,استخراج شد,3,0.097,10,16.2,db_est,0.62,1,0,1,active
3229848,اجاره کلبه سوئیسی در لفور - بورخانی,main,لفور,1,60,2,3,4,4.9,39,1,0,1,0,0,1,1,700000,8000000,استخراج شد,,شب اول بسته؛ شب دوم بسته,8,0.258,50,28.3,host_member,1.77,1,0,0,active
3230009,اجاره کلبه سوئیسی در بابلکنار - کاردرکلا - تی تی,main,کاردرکلا,1,80,1,2,4,4.9,11,0,0,1,0,0,0,1,600000,,شب اول بسته,,شب دوم بسته,7,0.226,10,27.8,db_est,0.36,0,0,0,active
3230201,کلبه سوئیسی در بابلکنار - چهره,main,چهره,1,36,1,2,3,4.8,44,0,0,0,0,0,0,1,250000,3400000,استخراج شد,5200000,استخراج شد,5,0.161,50,28.6,db_est,1.75,1,0,0,active
3230204,اجاره کلبه چوبی در بابلکنار - چهره,main,چهره,1,32,1,2,3,5.0,49,0,0,0,0,0,0,1,300000,3600000,استخراج شد,5400000,استخراج شد,6,0.194,50,28.6,db_est,1.75,1,0,0,active
3230419,کلبه چوبی دوطبقه در رئیس کلا لفور,main,رئیس کلا,1,80,1,4,5,4.8,83,0,0,1,1,0,0,1,300000,,شب اول بسته,,شب دوم بسته,7,0.226,100,28.3,host_member,3.53,1,0,1,active
3232243,اجاره کلبه سوئیسی در بابلکنار - سیاه درکا,main,بابلکنار,0,45,1,2,4,4.9,41,0,0,1,0,0,1,1,300000,3200000,استخراج شد,3600000,استخراج شد,10,0.323,50,27.4,db_est,1.82,1,0,0,active
3232417,کلبه سوئیسی با جکوزی در بابلکنار - کاردرکلا,main,کاردرکلا,1,65,1,2,4,4.3,48,1,0,1,0,0,1,1,350000,6000000,استخراج شد,7500000,استخراج شد,0,0.0,50,28.1,db_est,1.78,0,0,0,active
3232477,کلبه سوئیسی جکوزی دار در لفور - شاهکلا,main,لفور,1,60,1,2,4,4.7,195,1,0,1,0,1,0,1,300000,5980000,استخراج شد,10000000,استخراج شد,8,0.258,300,27.5,host_member,10.91,1,0,1,active
3232686,کلبه سوئیسی جکوزی دار در لفور - شاهکلا,main,لفور,1,70,2,2,6,4.8,139,1,0,1,1,0,1,1,500000,,شب اول بسته؛ شب دوم بسته,13589000,استخراج شد,6,0.194,300,28.4,host_member,10.56,1,0,1,active
3232777,کلبه سوئیسی جنگلی در شاه کلاه لفور - دوخوابه,main,لفور,1,65,2,4,6,4.9,63,1,0,1,0,0,1,1,500000,,شب اول بسته,,شب اول بسته,16,0.516,100,27.0,host_member,3.7,1,0,1,active
3232801,اجاره کلبه سوئیسی در لفور - امام کلا,main,لفور,1,70,1,4,6,4.7,42,0,0,0,1,0,0,1,500000,6500000,استخراج شد,9700000,استخراج شد,5,0.161,50,27.9,host_member,1.79,1,0,1,active
3232910,کلبه سوئیسی جنگلی در شاه کلاه لفور - یکخوابه,main,لفور,1,80,1,2,4,5.0,34,1,0,1,0,0,1,1,500000,7780000,استخراج شد,,شب اول بسته؛ شب دوم بسته,13,0.419,50,27.0,host_member,1.85,1,0,1,active
3234218,کلبه سوئیسی در بابلکنار - ازارسی,main,بابلکنار,0,70,1,2,4,4.9,47,0,0,1,0,0,0,1,300000,,شب اول بسته؛ شب دوم بسته,,شب اول بسته؛ شب دوم بسته,15,0.484,50,27.3,db_est,1.83,1,0,1,inactive
3234324,کلبه چوبی جکوزی دار در لفور - امام کلا,main,لفور,1,90,2,4,4,4.6,40,1,0,0,1,0,0,1,1500000,9400000,استخراج شد,,شب اول بسته,6,0.194,50,26.3,host_member,1.9,1,0,0,active
3234782,اجاره کلبه سوئیسی در بابلکنار - شیردارکلا,main,شیردارکلا,1,65,1,2,4,4.4,26,1,0,1,0,0,1,1,1000000,13000000,استخراج شد,17000000,استخراج شد,0,0.0,50,26.9,db_est,1.86,0,0,0,active
3234857,خانه جکوزی دار در بابلکنار - نزدیک مرزیکلا,main,مرزیکلا,1,140,2,4,6,5.0,23,1,0,1,1,1,1,1,500000,12000000,استخراج شد,,شب دوم بسته,21,0.677,20,26.5,db_est,0.75,1,0,1,active
3235121,اجاره کلبه سوئیسی در بابلکنار - بزچفت,main,بزچفت,1,60,1,2,4,4.6,13,0,0,1,0,0,1,1,100000,3600000,استخراج شد,3800000,استخراج شد,5,0.161,20,22.8,db_est,0.88,1,0,0,active
3235299,اجاره کلبه سوئیسی در بابلکنار - گونه کلا,main,گونه کلا,1,70,1,4,6,4.7,40,0,0,0,1,0,0,1,300000,4600000,استخراج شد,,شب اول بسته,9,0.29,50,27.1,db_est,1.85,1,0,0,active
3235515,اجاره کلبه سوئیسی در بابلکنار - کبریاکلا,main,کبریاکلا,1,60,0,2,5,4.2,3,1,0,1,0,0,0,1,500000,10400000,استخراج شد,15000000,استخراج شد,4,0.129,5,26.9,db_est,0.19,0,0,0,active
3235525,خانه با معماری چوبی در بابلکنار - کبریاکلا,main,کبریاکلا,1,70,1,2,5,5.0,1,1,0,1,0,0,0,1,10000,10400000,استخراج شد,15000000,استخراج شد,1,0.032,0,26.9,db_est,0.0,0,0,0,active
3235621,خانه جکوزی دار در بابلکنار - سیادرکا,main,سیادرکا,1,70,1,2,5,4.9,50,1,0,1,0,0,0,1,400000,8500000,استخراج شد,8500000,استخراج شد,3,0.097,50,26.9,db_est,1.86,1,0,1,active
3236158,کلبه سوئیسی با جکوزی در بابلکنار - گونه کلا,main,گونه کلا,1,50,1,4,6,4.9,11,1,0,1,0,0,0,1,500000,5180000,استخراج شد,7380000,استخراج شد,0,0.0,10,26.8,db_est,0.37,0,0,0,inactive
3236345,کلبه سوئیسی جکوزی دار در لفور - مرزیدره,main,لفور,1,107,2,4,5,4.6,60,1,0,1,0,0,1,1,500000,,شب اول بسته,,شب اول بسته؛ شب دوم بسته,11,0.355,100,26.7,host_member,3.75,1,0,0,active
3237859,کلبه سوئیسی در بابلکنار - سیدکلا,main,سیدکلا,1,80,2,4,8,4.4,12,0,1,0,0,0,0,1,500000,,شب اول بسته؛ شب دوم بسته,,شب اول بسته؛ شب دوم بسته,15,0.484,10,25.9,db_est,0.39,0,0,0,active
3237885,کلبه سوئیسی با جکوزی در بابلکنار - درازکلا,main,درازکلا,1,60,1,2,6,5.0,6,1,0,1,0,0,0,1,450000,7600000,استخراج شد,10190000,استخراج شد,4,0.129,5,26.1,db_est,0.19,1,0,0,active
3238785,کلبه سوئیسی جکوزی دار در بابلکنار - هلیخال,main,بابلکنار,0,50,1,2,4,4.9,64,1,0,1,0,0,1,1,400000,,شب اول بسته؛ شب دوم بسته,,شب دوم بسته,10,0.323,50,19.6,db_est,2.55,1,0,1,active
3239170,کلبه سوئیسی در بابلکنار - مرزیکلا,main,مرزیکلا,1,75,1,2,6,4.8,31,0,0,1,0,0,1,1,480000,6000000,استخراج شد,8400000,استخراج شد,6,0.194,50,25.5,db_est,1.96,1,0,1,active
3239562,کلبه سوئیسی جکوزی دار در بابلکنار - هلی خال,main,بابلکنار,0,60,1,2,4,4.8,61,1,0,1,0,0,1,1,800000,20000000,استخراج شد,20000000,استخراج شد,2,0.065,100,24.3,db_est,4.12,1,0,1,active
3239829,اجاره کلبه سوئیسی در سوادکوه - مرزیکلا,main,مرزیکلا,1,60,1,2,4,4.8,46,1,0,1,0,0,1,1,150000,9000000,استخراج شد,9000000,استخراج شد,3,0.097,50,16.5,db_est,3.03,1,0,1,active
3239918,اجاره کلبه سوئیسی در بابلکنار - کاردگرکلا,main,کاردرکلا,1,80,1,2,10,4.8,52,1,1,1,0,0,1,1,300000,9600000,استخراج شد,11000000,استخراج شد,4,0.129,100,25.3,db_est,3.95,1,0,0,active
3240255,کلبه سوئیسی استخردار در بابلکنار - گونه کلا,main,گونه کلا,1,180,3,6,10,4.7,57,0,1,1,0,0,1,1,1500000,,شب اول بسته,30500000,استخراج شد,9,0.29,50,24.9,db_est,2.01,1,0,0,active
3240445,کلبه سوئیسی با وان جکوزی در بابلکنار - سیدکلا,main,سیدکلا,1,100,1,3,5,4.7,38,1,0,1,0,0,1,1,300000,5000000,استخراج شد,7960000,استخراج شد,8,0.258,50,24.4,db_est,2.05,1,0,1,active
3240541,کلبه سوئیسی جکوزی دار در لفور - رئیس کلا,main,رئیس کلا,1,60,1,2,4,4.6,60,1,0,1,0,0,0,1,1000000,5200000,استخراج شد,7000000,استخراج شد,4,0.129,100,24.7,host_member,4.05,1,0,0,active
3240912,کلبه سوئیسی در بابلکنار - کلاریکلا - تیپ ۱,main,کلاریکلا,1,70,0,2,4,4.9,51,0,0,1,0,0,0,1,300000,4000000,استخراج شد,5000000,استخراج شد,3,0.097,50,23.8,db_est,2.1,1,0,0,active
3240990,کلبه سوئیسی استخردار در بابلکنار - گونه کلا,main,گونه کلا,1,80,1,5,6,4.1,11,0,1,1,1,0,1,1,750000,,شب دوم بسته,19000000,استخراج شد,6,0.194,20,24.7,db_est,0.81,0,0,1,active
3241054,کلبه سوئیسی استخردار در بابلکنار - سیاه درکا,main,بابلکنار,0,80,1,2,6,4.8,32,0,1,1,0,0,1,1,700000,9740000,استخراج شد,15000000,استخراج شد,5,0.161,50,24.7,db_est,2.02,1,0,0,active
3241360,خانه چوبی در بابلکنار - بالفکلا شرقی,main,بالفکلا,1,100,3,4,10,4.9,12,0,0,1,0,0,1,1,500000,7998000,استخراج شد,,شب اول بسته؛ شب دوم بسته,7,0.226,20,24.4,db_est,0.82,1,0,0,active
3241499,اجاره کلبه سوئیسی در بابلکنار - درازکلا,main,درازکلا,1,50,1,2,4,5.0,24,0,0,1,0,0,0,1,500000,,شب اول بسته,,شب اول بسته,14,0.452,20,23.9,db_est,0.84,1,0,0,active
3242162,کلبه سوئیسی در بابلکنار - نزدیک مرزیکلا,main,مرزیکلا,1,60,2,4,6,4.8,4,0,0,1,0,0,1,1,400000,7000000,استخراج شد,10000000,استخراج شد,3,0.097,5,24.4,db_est,0.2,0,0,0,active
3242603,کلبه سوئیسی در بابلکنار - بزچفت,main,بزچفت,1,50,1,2,3,5.0,28,0,0,1,0,0,0,1,400000,5000000,استخراج شد,5400000,استخراج شد,5,0.161,50,23.7,db_est,2.11,1,0,1,active
3242809,اجاره کلبه چوبی تراس دار در لفور - امام کلا,main,لفور,1,32,1,2,4,4.7,68,0,0,1,0,0,0,1,300000,5400000,استخراج شد,6900000,استخراج شد,22,0.71,100,38.0,host_member,2.63,1,0,1,active
3245010,کلبه سوئیسی با جکوزی در بابلکنار - قرآن تالار,main,قرآن تالار,1,30,1,3,3,4.6,8,1,0,1,0,0,0,1,150000,9000000,استخراج شد,11000000,استخراج شد,7,0.226,10,22.4,db_est,0.45,1,0,0,active
3245108,کلبه سوئیسی با وان در بابلکنار - سیادرکا,main,سیادرکا,1,60,1,2,4,4.7,19,0,0,1,0,0,1,1,580000,9000000,استخراج شد,9000000,استخراج شد,6,0.194,20,23.5,db_est,0.85,1,0,1,active
3245625,اجاره کلبه سوئیسی در بابلکنار - درازکش,main,درازکش,1,50,1,2,6,4.7,21,0,0,1,0,0,0,1,600000,4600000,استخراج شد,5050000,استخراج شد,22,0.71,20,23.2,db_est,0.86,1,0,0,active
3246182,کلبه سوئیسی جکوزی دار در بابلکنار - سیادرکا,main,سیادرکا,1,60,1,2,6,4.7,111,1,0,1,0,0,1,1,500000,5400000,استخراج شد,8000000,استخراج شد,3,0.097,200,22.9,db_est,8.73,1,0,1,active
3246896,کلبه با سقف شیشه ای در بابلکنار - اطلس ۳,main,بابلکنار,0,25,0,2,2,4.9,34,0,0,1,0,0,1,1,400000,6200000,استخراج شد,7000000,استخراج شد,9,0.29,50,22.6,db_est,2.21,1,0,0,active
3247134,اجاره کلبه چوبی با منظره کوهستان در لفور - شاهکلا,main,لفور,1,80,2,4,6,4.8,62,1,0,1,0,0,0,1,500000,9100000,استخراج شد,,شب اول بسته,7,0.226,100,22.3,host_member,4.48,1,0,1,active
3247152,اجاره خانه چوبی در بابلکنار - بالفکلا,main,بالفکلا,1,80,2,6,8,4.2,10,1,0,0,0,0,0,1,500000,12000000,استخراج شد,18000000,استخراج شد,1,0.032,10,22.0,db_est,0.45,0,0,0,active
3247665,کلبه چوبی در بابلکنار - مرزیکلا,main,مرزیکلا,1,45,1,4,4,4.6,16,0,0,1,0,0,0,1,300000,,شب دوم بسته,,شب اول بسته؛ شب دوم بسته,4,0.129,20,10.0,db_est,2.0,1,0,0,active
3248316,اجاره کلبه سوئیسی در بابلکنار - درازکلا,main,درازکلا,1,50,1,2,4,4.7,71,0,0,1,0,0,0,1,500000,4900000,استخراج شد,7750000,استخراج شد,3,0.097,100,21.5,db_est,4.65,1,0,1,active
3248416,اجاره کلبه سوئیسی در بابلکنار - شیردارکلا,main,شیردارکلا,1,70,1,2,5,4.4,6,0,0,1,0,0,1,1,400000,4900000,استخراج شد,5500000,استخراج شد,0,0.0,10,16.9,db_est,0.59,0,0,0,active
3248767,کلبه سوئیسی جکوزی دار در لفور - شاهکلا,main,لفور,1,50,1,2,4,4.8,33,1,0,0,0,0,0,1,700000,7980000,استخراج شد,,شب دوم بسته,5,0.161,50,66.2,host_member,0.76,1,0,0,active
3248886,کلبه سوئیسی جکوزی دار در بابل - ممرزکن,main,ممرزکن,1,90,1,2,6,4.7,107,1,0,1,0,0,1,1,497000,6594000,استخراج شد,9534600,استخراج شد,4,0.129,200,21.0,host_member,9.52,1,0,1,active
3249208,اجاره کلبه سوئیسی در بابلکنار - سیادرکا,main,سیادرکا,1,45,1,2,4,5.0,40,0,0,1,0,0,1,1,300000,3000000,استخراج شد,4000000,استخراج شد,6,0.194,50,18.4,db_est,2.72,1,0,0,active
3249928,کلبه چوبی در سوادکوه - چهره,main,چهره,1,60,1,2,5,4.6,3,0,0,1,0,0,1,1,400000,6000000,استخراج شد,4800000,استخراج شد,0,0.0,0,20.5,db_est,0.0,0,0,0,active
3250017,کلبه جنگلی جکوزی دار در بابلکنار - چهره,main,چهره,1,60,1,3,4,4.9,38,1,0,0,0,0,0,1,300000,8000000,استخراج شد,9000000,استخراج شد,3,0.097,50,20.6,db_est,2.43,1,0,0,active
3250644,ویلا چوبی جکوزی دار در بابلکنار - کاردرکلا,main,کاردرکلا,1,160,3,4,8,4.9,5,1,0,1,0,0,1,1,1550000,15900000,استخراج شد,17900000,استخراج شد,7,0.226,5,20.4,db_est,0.25,0,0,0,active
3250799,کلبه سوئیسی در بابلکنار - کاردرکلا,main,کاردرکلا,1,60,1,2,4,4.7,34,0,0,1,0,0,0,1,500000,6000000,استخراج شد,8100000,استخراج شد,1,0.032,50,20.4,db_est,2.45,1,0,0,active
3250824,کلبه سوئیسی با رودخانه اختصاصی در بابلکنار,main,بابلکنار,0,48,1,2,6,4.9,74,0,0,1,0,1,0,1,500000,,شب اول بسته؛ شب دوم بسته,8000000,استخراج شد,10,0.323,100,18.2,db_est,5.49,1,0,0,active
3251559,اجاره کلبه سوئیسی در لفور - امام کلا,main,لفور,1,50,1,2,4,4.9,69,1,0,1,0,0,1,1,800000,13000000,استخراج شد,,شب اول بسته,10,0.323,100,36.9,host_member,2.71,1,0,1,active
3251928,کلبه سوئیسی در بابلکنار - درازکلا,main,درازکلا,1,40,1,2,6,4.6,16,0,0,1,1,0,0,1,700000,4900000,استخراج شد,8000000,استخراج شد,3,0.097,20,19.2,db_est,1.04,1,0,0,active
3252844,کلبه چوبی دوبلکس در بابلکنار - دراز کلا,main,درازکلا,1,80,1,4,6,4.9,38,0,0,0,0,0,1,1,350000,3000000,استخراج شد,,شب اول بسته؛ شب دوم بسته,9,0.29,50,18.4,db_est,2.72,1,0,0,active
3252868,کلبه چوبی جکوزی دار در بابلکنار - گونه کلا,main,گونه کلا,1,40,0,2,4,4.6,9,1,0,1,0,0,1,1,300000,6400000,استخراج شد,9980000,استخراج شد,0,0.0,10,18.5,db_est,0.54,1,0,0,active
3252930,کلبه سوئیسی در بابلکنار - انارستان,main,بابلکنار,0,70,1,4,6,5.0,4,0,0,1,1,0,0,1,500000,11700000,استخراج شد,13000000,استخراج شد,0,0.0,5,18.2,db_est,0.27,0,0,0,active
3253520,اجاره کلبه سوئیسی در بابلکنار - سیدکلا,main,سیدکلا,1,80,2,4,8,5.0,2,1,0,1,0,0,1,1,500000,10000000,استخراج شد,12000000,استخراج شد,5,0.161,0,19.1,db_est,0.0,0,0,0,active
3254052,کلبه چوبی شیشه ای آرتینا با جکوزی نزدیک لفور,main,لفور,1,60,1,2,2,4.9,195,1,0,1,1,1,0,1,0,13900000,استخراج شد,15900000,استخراج شد,8,0.258,500,18.1,db_est,27.62,1,0,1,active
3255068,کلبه سوئیسی جکوزی دار در بابلکنار - آزارسی,main,بابلکنار,0,42,1,2,4,4.5,17,1,0,0,1,0,1,1,1200000,15900000,استخراج شد,22950000,استخراج شد,2,0.065,20,18.5,db_est,1.08,0,0,0,active
3255298,کلبه چوبی با وان جکوزی در بابلکنار - هلی خال,main,بابلکنار,0,110,2,4,6,5.0,7,1,0,1,0,0,0,1,1000000,9600000,استخراج شد,13600000,استخراج شد,4,0.129,5,16.6,db_est,0.3,1,0,1,active
3255461,کلبه سوئیسی جکوزی دار در بابلکنار,main,بابلکنار,0,60,2,4,8,4.7,10,1,0,1,0,0,0,1,500000,10800000,استخراج شد,14300000,استخراج شد,4,0.129,20,16.7,db_est,1.2,0,0,0,active
3255521,کلبه سوئیسی جکوزی دار در بابلکنار - هلی خال,main,بابلکنار,0,70,1,2,3,4.6,11,1,0,1,1,0,0,1,500000,6000000,استخراج شد,8000000,استخراج شد,4,0.129,20,18.3,db_est,1.09,1,0,0,active
3255725,کلبه با جکوزی و ویو رویایی در بابلکنار,main,بابلکنار,0,40,1,2,4,5.0,12,1,0,1,0,0,0,1,1000000,11400000,استخراج شد,14000000,استخراج شد,7,0.226,10,18.1,db_est,0.55,1,0,0,active
3255794,کلبه سوئیسی با وان جکوزی در بابلکنار - کاردرکلا,main,کاردرکلا,1,75,2,2,6,4.6,18,1,0,1,0,0,1,1,750000,8000000,استخراج شد,20000000,استخراج شد,1,0.032,20,18.1,db_est,1.1,1,0,1,active
3256485,کلبه سوئیسی در بابلکنار - چهره,main,چهره,1,120,1,4,6,5.0,5,0,0,1,0,0,1,1,800000,17900000,استخراج شد,,شب دوم بسته,2,0.065,5,17.0,db_est,0.29,0,0,0,active
3257093,کلبه سوئیسی جکوزی دار در لفور - شاهکلا,main,لفور,1,75,2,4,6,4.8,48,1,0,1,0,0,1,1,700000,9780000,استخراج شد,13880000,استخراج شد,2,0.065,100,17.1,host_member,5.85,1,0,1,active
3257187,کلبه سوئیسی جکوزی دار در بابلکنار - درازکلا,main,درازکلا,1,85,1,2,4,5.0,9,1,0,1,0,0,1,1,400000,13000000,استخراج شد,,شب اول بسته؛ شب دوم بسته,6,0.194,20,17.2,db_est,1.16,1,0,0,active
3257238,کلبه سوئیسی در بابلکنار - درازکلا,main,درازکلا,1,50,1,4,6,4.7,14,0,0,1,0,0,0,1,300000,,شب اول بسته,,شب اول بسته؛ شب دوم بسته,14,0.452,20,16.8,db_est,1.19,1,0,0,active
3257249,کلبه چوبی در بابلکنار - مرزی کتی,main,بابلکنار,0,100,1,4,6,5.0,20,0,0,1,0,1,1,1,300000,,شب اول بسته؛ شب دوم بسته,,شب اول بسته؛ شب دوم بسته,21,0.677,20,17.1,db_est,1.17,1,0,0,active
3257474,کلبه سوئیسی در بابلکنار - جاجن,main,بابلکنار,0,80,2,4,8,5.0,60,0,0,1,0,0,1,1,580000,,شب دوم بسته,19000000,استخراج شد,8,0.258,100,16.8,db_est,5.95,1,0,1,active
3258121,اجاره کلبه سوئیسی جنگلی در بابلکنار - تیرکن,main,تیرکن,1,60,2,3,4,4.8,12,0,0,1,0,0,1,1,250000,7000000,استخراج شد,8800000,استخراج شد,3,0.097,20,16.9,db_est,1.18,1,0,0,active
3258289,کلبه با تراسی رو به کوه در بابلکنار - رئیسکلا,main,رئیسکلا,1,60,1,2,4,4.8,9,0,0,1,0,0,1,1,300000,7600000,استخراج شد,8300000,استخراج شد,0,0.0,10,15.7,db_est,0.64,0,0,0,active
3258434,اجاره کلبه سوئیسی در بابلکنار - شیردارکلا,main,شیردارکلا,1,60,1,4,6,4.7,35,0,0,0,1,0,1,1,400000,4000000,استخراج شد,,شب اول بسته؛ شب دوم بسته,10,0.323,50,15.8,db_est,3.16,1,0,1,active
3258654,کلبه چوبی در بابلکنار - شیردارکلا,main,شیردارکلا,1,100,1,5,8,4.8,5,0,0,1,0,0,1,1,400000,8000000,استخراج شد,8000000,استخراج شد,2,0.065,5,9.8,db_est,0.51,0,0,0,active
3258768,کلبه سوئیسی جکوزی دار در لفور - اوبن,main,لفور,1,40,1,2,4,4.9,158,1,0,1,1,0,1,1,400000,,شب اول بسته؛ شب دوم بسته,10000000,استخراج شد,13,0.419,100,16.9,host_member,5.92,1,0,1,active
3258858,اجاره خانه بالکن دار در بابلکنار - چهره - طبقه ۲,main,چهره,1,130,1,2,4,5.0,2,0,0,1,0,0,0,1,500000,7000000,استخراج شد,7000000,استخراج شد,3,0.097,0,16.1,db_est,0.0,0,0,0,active
3258957,کلبه جکوزی دار در بابلکنار - مرزیکلا,main,مرزیکلا,1,70,1,2,3,4.9,53,1,0,0,0,0,1,1,350000,6400000,استخراج شد,7800000,استخراج شد,4,0.129,50,17.7,db_est,2.82,1,0,1,active
3259061,کلبه سوئیسی با جکوزی در لفور - شاهکلا - ۱,main,لفور,1,55,1,2,4,5.0,90,1,0,1,1,0,1,1,750000,13980000,استخراج شد,,شب اول بسته؛ شب دوم بسته,9,0.29,100,28.4,host_member,3.52,1,0,1,active
3259364,کلبه سوئیسی در بابلکنار - گونه کلا,main,گونه کلا,1,70,2,2,6,4.5,5,0,0,1,0,0,1,1,500000,7000000,استخراج شد,9600000,استخراج شد,7,0.226,5,16.1,db_est,0.31,0,0,0,active
3260099,کلبه چوبی جکوزی دار در لفور - امام کلا,main,لفور,1,56,1,2,4,4.9,52,1,0,1,1,0,0,1,700000,8500000,استخراج شد,,شب دوم بسته,7,0.226,50,94.6,host_member,0.53,1,0,0,active
3263115,اجاره کلبه در بابلکنار - رئیس کلا,main,رئیسکلا,1,60,1,3,6,4.9,9,0,0,1,0,0,1,1,500000,,شب اول بسته؛ شب دوم بسته,8400000,استخراج شد,22,0.71,10,17.0,db_est,0.59,1,0,0,active
3263326,کلبه چوبی جکوزی دار در سوادکوه - مرزیکلا,main,مرزیکلا,1,60,1,2,3,4.9,28,1,0,0,0,0,1,1,350000,6400000,استخراج شد,8000000,استخراج شد,4,0.129,20,16.9,db_est,1.18,1,0,0,active
3263472,منزل مبله در بابلکنار - مرزیکلا,main,مرزیکلا,1,60,1,2,4,4.5,7,0,0,1,0,0,1,1,500000,2200000,استخراج شد,3700000,استخراج شد,0,0.0,5,17.1,db_est,0.29,0,0,0,suspend
3263531,کلبه سوئیسی در لفور - میرارکلا,main,لفور,1,106,2,4,6,4.8,46,0,0,1,0,0,1,1,700000,,شب اول بسته؛ شب دوم بسته,,شب دوم بسته,8,0.258,100,36.8,host_member,2.72,1,0,0,active
3263733,کلبه سوئیسی در بابلکنار - کاردرکلا,main,کاردرکلا,1,45,2,4,4,4.9,4,1,0,1,1,0,0,1,250000,5400000,استخراج شد,11600000,استخراج شد,11,0.355,0,16.9,db_est,0.0,0,0,0,active
3263831,اجاره کلبه سوئیسی در بابلکنار - گونه کلا,main,گونه کلا,1,50,1,4,6,4.8,2,0,0,1,0,0,0,1,800000,6660000,استخراج شد,11000000,استخراج شد,4,0.129,0,17.1,db_est,0.0,0,0,0,active
3263833,کلبه سوئیسی جکوزی دار در بابلکنار - گونه کلا,main,گونه کلا,1,50,1,2,4,5.0,1,1,0,1,1,0,0,1,800000,5780000,استخراج شد,11100000,استخراج شد,4,0.129,0,11.3,db_est,0.0,0,0,0,active
3264012,کلبه سوئیسی با وان جکوزی در سوادکوه -درازکلا,main,درازکلا,1,70,1,2,5,4.8,78,1,0,1,1,0,1,1,500000,7800000,استخراج شد,8400000,استخراج شد,3,0.097,100,17.0,db_est,5.88,1,0,0,active
3264107,کلبه سوئیسی جکوزی دار در بابلکنار - کاردرکلا,main,کاردرکلا,1,70,1,2,6,5.0,3,1,0,1,0,0,1,1,300000,7120000,استخراج شد,9730000,استخراج شد,3,0.097,5,14.1,db_est,0.35,0,0,0,active
3264216,کلبه سوئیسی با جکوزی کنار رودخانه در بابلکنار,main,بابلکنار,0,65,1,2,5,4.8,36,1,0,1,1,1,1,1,400000,14000000,استخراج شد,14000000,استخراج شد,3,0.097,50,16.5,db_est,3.03,1,0,0,active
3264357,کلبه چوبی جکوزی دار در بابلکنار - شیردارکلا,main,شیردارکلا,1,142,1,4,6,4.8,27,1,0,1,0,0,1,2,800000,9000000,استخراج شد,,شب دوم بسته,8,0.258,20,16.3,db_est,1.23,1,0,0,active
3264391,کلبه سوئیسی در بابلکنار - جاجن درازکلا,main,درازکلا,1,50,1,2,4,4.9,49,0,0,1,0,0,1,1,600000,,شب اول بسته؛ شب دوم بسته,,شب اول بسته؛ شب دوم بسته,14,0.452,50,16.9,db_est,2.96,1,0,0,active
3264493,کلبه سوئیسی در بابلکنار - درازکلا,main,درازکلا,1,54,1,2,4,4.8,30,0,0,1,0,0,1,1,400000,5000000,استخراج شد,,شب دوم بسته,8,0.258,50,16.7,db_est,2.99,1,0,1,active
3264676,کلبه سوئیسی استخردار بابلکنار - شیردارکلا,main,شیردارکلا,1,160,3,6,8,4.9,27,0,1,1,1,0,1,1,1500000,,شب اول بسته؛ شب دوم بسته,36000000,استخراج شد,14,0.452,50,16.6,db_est,3.01,1,0,0,active
3264754,اجاره کلبه سوئیسی در بابلکنار - هلی خال,main,بابلکنار,0,65,1,2,4,4.7,23,0,0,1,0,0,1,1,500000,4600000,استخراج شد,5900000,استخراج شد,2,0.065,50,16.6,db_est,3.01,1,0,1,active
3264848,کلبه سوئیسی در بابلکنار - سیادرکا,main,سیادرکا,1,60,1,2,4,4.4,20,1,0,1,0,0,0,1,200000,10000000,استخراج شد,12000000,استخراج شد,0,0.0,20,16.2,db_est,1.23,0,0,0,active
3265210,کلبه سوئیسی جنگلی در بابلکنار - ریگ چشمه,main,بابلکنار,0,60,1,2,6,4.8,28,0,0,0,1,0,0,2,200000,6600000,استخراج شد,9000000,استخراج شد,20,0.645,20,13.0,db_est,1.54,1,0,0,active
3265282,کلبه سوئیسی با وان جکوزی در یکشوب بابلکنار,main,بابلکنار,0,42,1,2,5,4.9,12,1,0,1,0,0,1,1,500000,6000000,استخراج شد,,شب اول بسته,9,0.29,20,16.6,db_est,1.2,1,0,0,active
3267114,کلبه سوئیسی در بابلکنار - امیرده,main,بابلکنار,0,130,2,5,8,4.9,41,0,0,1,0,0,1,1,350000,6800000,استخراج شد,8800000,استخراج شد,6,0.194,50,14.5,host_member,3.45,1,0,0,active
3267118,کلبه سوئیسی جکوزی دار در بابلکنار - شیردارکلا,main,شیردارکلا,1,80,2,4,6,4.4,22,1,0,1,0,0,1,1,500000,,شب اول بسته؛ شب دوم بسته,,شب دوم بسته,6,0.194,20,15.5,db_est,1.29,0,0,0,active
3267421,کلبه سوئیسی با جکوزی در بابلکنار-بالفکلا شرقی,main,بالفکلا,1,75,2,4,6,4.2,29,1,0,1,0,0,0,1,500000,11000000,استخراج شد,13000000,استخراج شد,2,0.065,50,15.2,db_est,3.29,0,0,0,active
3267519,کلبه سوئیسی تراس دار در بابلکنار - سیادرکا,main,سیادرکا,1,100,2,4,8,3.9,17,0,0,1,0,0,0,1,500000,5600000,استخراج شد,12000000,استخراج شد,0,0.0,20,15.7,db_est,1.27,0,0,0,inactive
3268222,کلبه سوئیسی جکوزی دار در بابلکنار - هلی خال,main,بابلکنار,0,50,1,2,4,,0,1,0,1,0,0,1,1,400000,,شب اول بسته؛ شب دوم بسته,,شب اول بسته؛ شب دوم بسته,15,0.484,0,9.1,db_est,0.0,0,1,0,active
3268530,کلبه سوئیسی با جکوزی و ویو جزیره در بابلکنار,main,بابلکنار,0,70,1,2,6,5.0,19,1,0,1,0,0,1,1,500000,9600000,استخراج شد,,شب دوم بسته,7,0.226,20,12.7,db_est,1.57,1,0,0,active
3268668,کلبه استخردار جنگلی بابلکنار - کاردکلا -  کلبه ۳,main,کاردرکلا,1,80,0,3,6,4.5,31,0,1,1,0,0,1,1,700000,,شب اول بسته,12000000,استخراج شد,7,0.226,50,15.3,db_est,3.27,1,0,0,active
3268807,کلبه سوئیسی در لفور - بورخانی,main,لفور,1,60,1,3,5,4.9,54,0,0,1,0,0,1,1,350000,3800000,استخراج شد,6300000,استخراج شد,6,0.194,50,14.5,host_member,3.45,1,0,0,active
3269423,کلبه سوئیسی در بابلکنار - چهره,main,چهره,1,80,1,4,6,4.9,23,0,0,1,0,0,1,1,600000,11540000,استخراج شد,13540000,استخراج شد,2,0.065,20,15.0,db_est,1.33,1,0,1,active
3269719,کلبه سوئیسی جکوزی دار در بابل - انارستان,main,,0,160,2,4,8,5.0,2,1,0,1,0,0,0,1,700000,17000000,استخراج شد,21000000,استخراج شد,8,0.258,0,14.9,db_est,0.0,0,0,0,active
3269901,کلبه سوئیسی دوبلکس در بابلکنار - هلی خال,main,بابلکنار,0,65,1,2,6,4.3,4,0,0,1,0,0,0,1,300000,,شب اول بسته؛ شب دوم بسته,,شب اول بسته؛ شب دوم بسته,15,0.484,5,13.9,db_est,0.36,0,0,0,active
3270181,کلبه سوئیسی جکوزی دار در بابلکنار - بالف کلا,main,بالفکلا,1,72,2,4,6,4.9,82,1,0,0,1,0,1,1,500000,,شب اول بسته؛ شب دوم بسته,,شب اول بسته؛ شب دوم بسته,25,0.806,100,14.3,db_est,6.99,1,0,1,active
3270731,کلبه سوئیسی در بابلکنار - انارستان,main,بابلکنار,0,50,1,4,5,5.0,7,0,0,1,1,1,1,1,1000000,5400000,استخراج شد,7000000,استخراج شد,4,0.129,10,8.3,db_est,1.2,1,0,1,active
3271459,کلبه سوئیسی استخردار در بابلکنار - رئیس کلا,main,رئیسکلا,1,80,1,2,4,4.9,33,0,1,0,0,0,0,1,1000000,,شب اول بسته,,شب دوم بسته,9,0.29,50,14.5,db_est,3.45,1,0,0,active
3272410,کلبه چوبی دوبلکس در بابلکنار - کاردرکلا,main,کاردرکلا,1,100,1,2,4,4.7,7,1,0,1,0,0,1,2,800000,8000000,استخراج شد,9000000,استخراج شد,4,0.129,10,12.7,db_est,0.79,1,0,1,active
3272651,اجاره کلبه سوئیسی در لفور - شاهکلا,main,لفور,1,60,1,2,4,4.7,53,0,0,1,0,1,0,1,300000,5500000,استخراج شد,7000000,استخراج شد,2,0.065,100,27.5,host_member,3.64,1,0,1,active
3273044,کلبه درختی نزدیک لفور - افراسی,main,لفور,1,30,0,2,2,4.6,25,1,0,1,0,0,0,1,0,7500000,استخراج شد,9500000,استخراج شد,0,0.0,50,72.8,host_member,0.69,1,0,0,active
3273065,رزرو کلبه چوبی در بابلکنار - هلی خال,main,بابلکنار,0,80,2,3,6,4.2,1,0,0,1,1,0,0,1,400000,14000000,استخراج شد,18000000,استخراج شد,2,0.065,0,13.8,db_est,0.0,0,0,0,active
3273471,کلبه چوبی در بابلکنار - سیادرکا,main,سیادرکا,1,60,0,2,2,5.0,53,0,0,1,1,0,0,1,800000,3600000,استخراج شد,5600000,استخراج شد,6,0.194,50,13.5,db_est,3.7,1,0,1,active
3273563,کلبه سوئیسی جکوزی دار در بابلکنار - گونه کلا,main,گونه کلا,1,90,1,4,5,3.6,4,1,0,1,0,0,0,1,500000,9000000,استخراج شد,10600000,استخراج شد,0,0.0,5,4.0,db_est,1.25,0,0,0,active
3273745,کلبه سوئیسی جکوزی دار در بابلکنار - کاردرکلا,main,کاردرکلا,1,80,2,4,5,4.7,24,1,0,1,0,0,0,1,800000,9000000,استخراج شد,11500000,استخراج شد,4,0.129,50,13.5,db_est,3.7,1,0,0,active
3273815,کلبه سوئیسی جکوزی دار در بابلکنار - چهره,main,چهره,1,45,1,2,4,4.4,5,1,0,1,0,0,0,1,300000,,شب اول بسته؛ شب دوم بسته,,شب اول بسته؛ شب دوم بسته,15,0.484,5,13.4,db_est,0.37,0,0,0,active
3273829,کلبه استخردار در بابلکنار - مرزیکلا,main,مرزیکلا,1,90,2,3,4,4.8,41,0,1,0,1,0,1,1,500000,10600000,استخراج شد,12750000,استخراج شد,4,0.129,50,13.6,db_est,3.68,1,0,0,active
3273911,کلبه سوئیسی استخردار در بابلکنار - امیرکلا,main,امیرکلا,1,150,2,4,4,4.9,26,0,1,0,0,0,1,1,500000,,شب اول بسته؛ شب دوم بسته,,شب اول بسته؛ شب دوم بسته,15,0.484,20,12.5,db_est,1.6,1,0,0,active
3274129,اجاره کلبه سوئیسی در بابلکنار - کاردرکلا,main,کاردرکلا,1,75,1,2,4,5.0,10,0,0,1,0,0,0,1,600000,,شب اول بسته,,شب اول بسته؛ شب دوم بسته,10,0.323,10,13.4,db_est,0.75,1,0,1,active
3274535,اجاره کلبه با وان جکوزی در بابلکنار - هلی خال,main,بابلکنار,0,50,1,2,4,4.4,6,1,0,1,1,0,0,1,300000,,شب اول بسته؛ شب دوم بسته,,شب اول بسته؛ شب دوم بسته,15,0.484,10,13.3,db_est,0.75,0,0,0,active
3276112,کلبه چوبی جکوزی دار در بابلکنار - کاردرکلا,main,کاردرکلا,1,60,2,4,4,4.7,18,1,0,1,0,0,1,1,700000,9000000,استخراج شد,15000000,استخراج شد,9,0.29,20,12.5,db_est,1.6,1,0,0,active
3276228,خانه با تراس دلباز در بابلکنار - شیردارکلا - ط ۴,main,شیردارکلا,1,90,1,4,4,5.0,15,0,0,1,0,0,0,1,800000,10000000,استخراج شد,,شب دوم بسته,11,0.355,20,12.5,db_est,1.6,1,0,0,active
3277973,اجاره کلبه چوبی در بابلکنار - هلی خال,main,بابلکنار,0,50,1,2,4,3.3,2,0,0,1,1,0,0,1,300000,,شب اول بسته؛ شب دوم بسته,,شب اول بسته؛ شب دوم بسته,15,0.484,5,12.2,db_est,0.41,0,0,0,active
3278651,کلبه سوئیسی با جکوزی در لفور - امام کلا,main,لفور,1,70,1,2,4,4.8,30,1,0,1,0,0,1,1,450000,7700000,استخراج شد,,شب دوم بسته,6,0.194,50,11.6,host_member,4.31,1,0,0,active
3279072,اجاره کلبه سوئیسی در بابل - جاده گنج افروز,main,,0,80,1,2,4,4.7,6,0,0,1,0,0,1,1,300000,4000000,استخراج شد,7000000,استخراج شد,0,0.0,10,11.5,db_est,0.87,0,0,0,active
3279500,کلبه چوبی در بابلکنار - بالف کلا شرقی,main,بالفکلا,1,70,2,2,6,,0,0,0,1,1,0,0,1,400000,10000000,استخراج شد,16000000,استخراج شد,2,0.065,0,2.6,db_est,0.0,0,0,0,active
3279598,کلبه سوئیسی در بابلکنار - شیردارکلا,main,شیردارکلا,1,110,1,4,6,4.6,19,0,0,0,1,0,1,1,400000,7980000,استخراج شد,11980000,استخراج شد,2,0.065,20,11.6,db_est,1.72,1,0,0,active
3280170,رزرو کلبه سوئیسی در بابلکنار - بالفکلا شرقی,main,بالفکلا,1,60,2,4,6,4.9,9,0,0,1,0,0,1,1,500000,7600000,استخراج شد,12000000,استخراج شد,3,0.097,10,11.3,db_est,0.88,1,0,1,active
3280346,کلبه در ارتفاعات قائمشهر - قادیکلای بزرگ,main,قادیکلا,1,80,2,4,6,4.9,5,0,0,1,0,0,1,1,1500000,20000000,استخراج شد,24000000,استخراج شد,0,0.0,5,11.3,db_est,0.44,1,0,0,active
3280978,کلبه با وان جکوزی در بابلکنار - شیردارکلا - ط۳,main,شیردارکلا,1,85,2,4,8,4.6,46,1,0,1,1,0,0,1,500000,15000000,استخراج شد,13000000,استخراج شد,9,0.29,100,10.4,db_est,9.62,1,0,0,active
3281370,کلبه سوئیسی در بابلکنار - گونه کلا - واحد ۴,main,گونه کلا,1,50,1,4,6,5.0,4,0,0,1,0,0,1,1,450000,5100000,استخراج شد,9700000,استخراج شد,3,0.097,5,10.9,db_est,0.46,0,0,0,active
3281922,کلبه چوبی در در بابلکنار - قرآن تالار,main,قرآن تالار,1,110,1,2,4,5.0,1,0,0,1,0,0,1,1,300000,6000000,استخراج شد,7500000,استخراج شد,0,0.0,0,2.4,db_est,0.0,0,0,0,active
3282337,کلبه سوئیسی در بابل - جاده انارستان,main,,0,80,0,2,6,4.9,13,0,0,1,0,0,1,1,450000,8500000,استخراج شد,8950000,استخراج شد,0,0.0,20,10.0,db_est,2.0,1,0,1,active
3283056,کلبه سوئیسی در بابلکنار - انارستان,main,بابلکنار,0,57,0,2,4,5.0,4,0,0,1,0,0,1,1,300000,8000000,استخراج شد,8000000,استخراج شد,2,0.065,5,9.7,db_est,0.52,0,0,0,active
3283771,کلبه چوبی با وان جکوزی در بابلکنار - درازکلا,main,درازکلا,1,100,2,4,6,5.0,1,1,0,1,0,0,0,1,500000,10000000,استخراج شد,12000000,استخراج شد,1,0.032,0,9.0,db_est,0.0,0,0,0,active
3283844,کلبه سوئیسی با جکوزی در بابلکنار - شیردارکلا,main,شیردارکلا,1,153,2,4,8,3.9,4,1,0,1,0,0,1,1,500000,10200000,استخراج شد,15200000,استخراج شد,5,0.161,0,9.4,db_est,0.0,0,0,0,active
3283885,کلبه سوئیسی جکوزی دار در بابلکنار - قران تالار,main,قرآن تالار,1,70,1,4,6,4.5,17,1,0,1,0,0,1,1,800000,4400000,استخراج شد,5950000,استخراج شد,6,0.194,20,9.2,db_est,2.17,0,0,0,active
3283917,اجاره کلبه چوبی با جکوزی در بابلکنار - تیرکن,main,تیرکن,1,70,0,2,4,4.7,1,1,0,1,1,0,0,1,500000,,شب اول بسته,8500000,استخراج شد,5,0.161,0,9.5,db_est,0.0,0,0,0,active
3284033,ویلا چوبی استخردار در بابلکنار - کاردرکلا,main,کاردرکلا,1,200,2,4,6,4.7,22,0,1,1,0,0,1,1,490000,11000000,استخراج شد,,شب اول بسته؛ شب دوم بسته,9,0.29,20,9.5,db_est,2.11,1,0,0,active
3284069,خانه ویلایی چوبی در بابلکنار - رئیس کلا - ط ۲,main,رئیسکلا,1,60,1,2,4,4.7,3,0,0,1,0,0,1,2,300000,4700000,استخراج شد,5400000,استخراج شد,4,0.129,0,9.2,db_est,0.0,0,0,1,active
3284427,کلبه با چشم انداز جنگل در بابلکنار - چهره,main,چهره,1,70,1,2,5,4.9,3,0,0,1,1,0,1,1,350000,3600000,استخراج شد,,شب دوم بسته,3,0.097,0,9.3,db_est,0.0,0,0,0,active
3284570,کلبه سوئیسی جکوزی دار در بابلکنار - کاردرکلا,main,کاردرکلا,1,70,1,2,4,4.9,17,1,0,1,0,0,1,1,500000,8200000,استخراج شد,10800000,استخراج شد,4,0.129,20,9.5,db_est,2.11,1,0,0,active
3284804,کلبه سوئیسی با جکوزی در بابلکنار - گونه کلا,main,گونه کلا,1,30,1,2,4,,0,1,0,1,0,0,1,1,500000,5850000,استخراج شد,9945000,استخراج شد,4,0.129,0,9.4,db_est,0.0,0,1,0,active
3284827,کلبه سوئیسی در بابکنار - بالفکلا,main,بالفکلا,1,70,2,4,6,4.5,4,0,0,0,0,0,0,1,500000,8000000,استخراج شد,12000000,استخراج شد,2,0.065,5,6.4,db_est,0.78,0,0,0,active
3285158,کلبه سوئیسی در بابلکنار - قران تالار,main,قرآن تالار,1,70,1,5,7,4.6,16,0,0,1,0,0,0,1,500000,2800000,استخراج شد,3400000,استخراج شد,7,0.226,20,9.2,db_est,2.17,0,0,0,inactive
3285241,کلبه در مرزیکلا بابلکنار - ۵ تخت طبقه ۴,main,مرزیکلا,1,45,0,5,6,,0,0,0,1,0,0,0,1,200000,4900000,استخراج شد,6300000,استخراج شد,0,0.0,0,9.1,db_est,0.0,0,1,0,active
3285480,کلبه جکوزی دار در بابلکنار - گونه کلا,main,گونه کلا,1,35,1,2,4,5.0,1,1,0,1,1,0,1,1,800000,5980000,استخراج شد,9200000,استخراج شد,2,0.065,5,9.1,db_est,0.55,0,0,0,active
3285543,کلبه در مرزیکلای بابلکنار - ۵ تخته,main,مرزیکلا,1,45,0,5,6,3.3,1,0,0,1,0,0,0,1,200000,5200000,استخراج شد,6850000,استخراج شد,0,0.0,0,9.1,db_est,0.0,0,0,0,active
3285544,کلبه چوبی در بابلکنار - مرزیکلا - طبقه ۴,main,مرزیکلا,1,45,0,4,5,,0,0,0,1,0,0,0,1,200000,3700000,استخراج شد,4950000,استخراج شد,0,0.0,0,9.1,db_est,0.0,0,1,0,active
3285631,کلبه سوئیسی در بابلکنار - سیادرکا,main,سیادرکا,1,65,1,2,4,4.7,8,0,0,1,0,0,1,1,500000,5000000,استخراج شد,6000000,استخراج شد,0,0.0,10,9.0,db_est,1.11,1,0,1,inactive
3285766,کلبه با چشم اندازی زیبا در بابلکنار - بالفکلا,main,بالفکلا,1,80,2,4,5,4.8,2,1,0,1,0,0,0,1,700000,10000000,استخراج شد,14000000,استخراج شد,7,0.226,5,7.9,db_est,0.63,0,0,0,active
3286272,کلبه سوئیسی جکوزی دار در بابلکنار - درازکلا,main,درازکلا,1,90,2,2,4,5.0,7,1,0,1,0,0,1,1,800000,11800000,استخراج شد,14400000,استخراج شد,4,0.129,10,8.7,db_est,1.15,1,0,0,active
3286779,کلبه سوئیسی در بابلکنار - فرام لک,main,بابلکنار,0,57,1,2,4,4.9,9,0,1,1,0,0,0,1,500000,,شب اول بسته,6840000,استخراج شد,6,0.194,10,8.3,db_est,1.2,1,0,0,active
3287387,کلبه سوئیسی در بابلکنار - کبریاکلا,main,کبریاکلا,1,72,2,4,6,4.8,12,0,0,1,0,0,0,1,700000,8000000,استخراج شد,9000000,استخراج شد,4,0.129,10,8.0,db_est,1.25,1,0,1,active
3288637,کلبه با چشم انداز جنگل در بابلکنار - کاردرکلا,main,کاردرکلا,1,70,1,2,6,4.9,17,1,0,0,1,0,0,1,1000000,15000000,استخراج شد,21500000,استخراج شد,2,0.065,20,7.4,db_est,2.7,1,0,1,active
3288689,کلبه سوئیسی کنار رودخانه بابلرود - کاردرکلا,main,کاردرکلا,1,160,2,4,8,4.8,38,1,0,1,1,1,1,1,350000,10000000,استخراج شد,14500000,استخراج شد,8,0.258,50,7.2,db_est,6.94,1,0,0,active
3288899,کلبه سوئیسی با جکوزی در بابلکنار - رییس کلا,main,بابلکنار,0,90,1,2,4,4.6,13,1,0,1,0,0,1,1,500000,9000000,استخراج شد,,شب دوم بسته,8,0.258,20,7.2,db_est,2.78,1,0,0,active
3289080,کلبه جکوزی دار در بابلکنار - کاردرکلا,main,کاردرکلا,1,40,0,2,2,5.0,1,1,0,1,0,0,0,1,0,7600000,استخراج شد,15000000,استخراج شد,2,0.065,0,7.1,db_est,0.0,0,0,0,active
3289165,کلبه سوئیسی با ویو دریاچه انارستان در بابلکنار,main,بابلکنار,0,60,0,4,6,4.8,12,0,0,1,0,0,1,1,300000,5000000,استخراج شد,7000000,استخراج شد,2,0.065,20,6.8,db_est,2.94,1,0,0,active
3289303,کلبه سوئیسی در بابلکنار - کلاریکلا - تیپ ۲,main,کلاریکلا,1,90,0,2,4,4.9,24,0,0,1,0,0,0,1,300000,4000000,استخراج شد,5000000,استخراج شد,4,0.129,20,7.0,db_est,2.86,1,0,0,active
3289341,کلبه سوئیسی رو به جنگل در بابلکنار - قرآن تالار,main,قرآن تالار,1,90,2,4,6,4.9,40,1,0,1,0,0,1,1,600000,5600000,استخراج شد,,شب دوم بسته,10,0.323,100,6.9,db_est,14.49,1,0,1,active
3289537,کلبه سوئیسی جکوزی دار در بابلکنار - امیرکلا,main,امیرکلا,1,100,2,4,8,5.0,10,1,0,1,0,0,1,1,500000,13100000,استخراج شد,15000000,استخراج شد,3,0.097,10,6.8,db_est,1.47,1,0,1,active
3289543,کلبه با وان جکوزی در جاده شیرگاه به بابلکنار,main,بابلکنار,0,70,0,4,5,4.7,9,1,0,1,0,0,0,1,400000,10000000,استخراج شد,12000000,استخراج شد,3,0.097,10,47.6,host_member,0.21,1,0,1,active
3289641,کلبه سوئیسی با جکوزی در بابلکنار - قرآن تالار,main,قرآن تالار,1,75,2,4,6,4.7,24,1,0,1,0,0,1,1,200000,5400000,استخراج شد,,شب اول بسته؛ شب دوم بسته,7,0.226,50,6.8,db_est,7.35,1,0,1,active
3290023,کلبه سوئیسی بالکن دار در بابلکنار - درازکلا,main,درازکلا,1,74,1,2,4,4.4,3,0,0,1,0,0,0,2,500000,4000000,استخراج شد,7000000,استخراج شد,0,0.0,0,6.5,db_est,0.0,0,0,0,active
3290694,کلبه سوئیسی در مرزیکلا,main,مرزیکلا,1,70,1,4,6,4.8,5,0,0,1,0,0,1,1,500000,5800000,استخراج شد,7500000,استخراج شد,1,0.032,5,5.9,db_est,0.85,1,0,0,active
3290951,کلبه سوئیسی در بابلکنار - هلی خال,main,بابلکنار,0,50,2,2,6,5.0,2,0,0,1,0,0,0,1,400000,6000000,استخراج شد,8000000,استخراج شد,0,0.0,0,6.3,db_est,0.0,0,0,0,active
3290994,کلبه چوبی تراس دار در بابلکنار - بزچفت,main,بزچفت,1,45,0,2,3,5.0,24,0,0,1,0,0,1,1,300000,7000000,استخراج شد,,شب اول بسته؛ شب دوم بسته,4,0.129,20,4.9,db_est,4.08,1,0,0,active
3291154,کلبه جنگلی جکوزی دار در بابلکنار - هلی خال,main,بابلکنار,0,80,1,3,6,5.0,1,1,0,1,1,0,1,1,500000,18000000,استخراج شد,18000000,استخراج شد,1,0.032,0,6.2,db_est,0.0,0,0,0,active
3291369,کلبه سوئیسی استخردار در بابلکنار - کاردرکلا,main,کاردرکلا,1,70,1,2,3,4.9,14,0,1,1,0,0,0,1,1200000,14000000,استخراج شد,16000000,استخراج شد,0,0.0,20,5.4,db_est,3.7,1,0,0,active
3291421,کلبه با وان‌ جکوزی در بابلکنار - قرآن‌ تالار,main,قرآن تالار,1,75,1,3,5,4.9,73,1,0,1,0,0,1,1,650000,,شب اول بسته؛ شب دوم بسته,,شب اول بسته؛ شب دوم بسته,16,0.516,100,6.1,db_est,16.39,1,0,1,active
3291958,کلبه سوئیسی در بابلکنار - کبریاکلا,main,کبریاکلا,1,70,1,2,4,4.7,15,0,0,1,0,0,0,1,500000,6000000,استخراج شد,6500000,استخراج شد,0,0.0,20,5.9,db_est,3.39,1,0,0,active
3292427,کلبه سوئیسی جکوزی دار در بابلکنار - کبریاکلا,main,کبریاکلا,1,75,1,4,6,4.9,12,1,0,1,0,0,1,1,500000,7000000,استخراج شد,,شب دوم بسته,4,0.129,10,5.9,db_est,1.69,1,0,0,active
3292440,کلبه چوبی در بابلکنار - بالف کلا شرقی,main,بالفکلا,1,60,2,4,6,4.8,28,0,0,1,0,0,0,1,400000,5780000,استخراج شد,,شب دوم بسته,11,0.355,50,5.7,db_est,8.77,1,0,1,active
3292527,کلبه جنگلی استخردار در گونه کلا - ۳ خوابه,main,گونه کلا,1,256,3,6,8,4.9,21,0,1,1,0,0,1,1,2000000,24000000,استخراج شد,30000000,استخراج شد,4,0.129,20,5.9,db_est,3.39,1,0,1,active
3292675,کلبه سوئیسی در بابلکنار - هلی خال,main,بابلکنار,0,80,1,4,6,4.0,4,0,0,1,0,0,1,1,500000,6000000,استخراج شد,8000000,استخراج شد,0,0.0,5,5.6,db_est,0.89,0,0,0,active
3292926,کلبه سوئیسی با جکوزی در هلی خال بابلکنار,main,بابلکنار,0,90,2,2,6,4.8,15,1,0,1,0,0,1,1,800000,20000000,استخراج شد,20000000,استخراج شد,3,0.097,20,4.4,db_est,4.55,1,0,0,active
3293455,کلبه سوئیسی در بابلکنار - درازکلا,main,درازکلا,1,90,1,2,6,4.7,14,0,0,1,0,0,1,1,700000,9000000,استخراج شد,9300000,استخراج شد,1,0.032,20,5.5,db_est,3.64,1,0,0,active
3293591,کلبه سوئیسی در بابلکنار - کاردرکلا,main,کاردرکلا,1,85,1,2,4,4.3,1,0,0,1,0,0,0,1,400000,7000000,استخراج شد,9600000,استخراج شد,7,0.226,0,4.9,db_est,0.0,0,0,0,active
3293613,کلبه سوئیسی استخردار در بابلکنار - شیردارکلا,main,شیردارکلا,1,100,2,4,6,4.9,13,0,1,1,0,0,1,2,800000,23000000,استخراج شد,,شب دوم بسته,5,0.161,10,5.7,db_est,1.75,1,0,0,active
3293846,کلبه بالکن دار با جکوزی در بابلکنار - قرآن تالار,main,قرآن تالار,1,130,3,4,6,4.6,23,1,0,1,0,0,1,1,400000,6400000,استخراج شد,,شب اول بسته؛ شب دوم بسته,8,0.258,50,5.7,db_est,8.77,1,0,0,active
3293925,کلبه سوئیسی در شیرگاه - فرامرزکلا,main,فرامرزکلا,1,65,1,2,4,4.9,3,0,0,1,0,0,1,1,600000,6000000,استخراج شد,8400000,استخراج شد,5,0.161,0,5.4,db_est,0.0,0,0,0,active
3293951,کلبه سوئیسی در بابلکنار - سیدکلا,main,سیدکلا,1,40,1,4,6,4.9,21,0,0,1,0,0,1,1,500000,5000000,استخراج شد,6400000,استخراج شد,2,0.065,20,5.6,db_est,3.57,1,0,1,active
3293997,کلبه سوئیسی در بابلکنار - درزی محله,main,بابلکنار,0,75,1,2,6,4.9,5,0,0,1,0,0,1,1,500000,9000000,استخراج شد,,شب اول بسته,5,0.161,5,5.6,db_est,0.89,1,0,1,active
3294219,کلبه سوئیسی در بابلکنار - درازکش,main,درازکش,1,70,1,2,5,4.9,5,0,0,1,0,0,0,1,400000,,شب اول بسته؛ شب دوم بسته,,شب اول بسته؛ شب دوم بسته,28,0.903,5,5.5,db_est,0.91,0,0,0,inactive
3294449,کلبه سوئیسی در مرزیکلا,main,مرزیکلا,1,80,0,4,6,4.8,6,0,0,1,0,0,1,1,500000,5600000,استخراج شد,7000000,استخراج شد,4,0.129,10,5.1,db_est,1.96,1,0,0,active
3295692,کلبه سوئیسی در بابلکنار - ویارسره,main,بابلکنار,0,50,1,2,4,4.7,5,0,0,1,0,0,1,1,500000,,شب اول بسته؛ شب دوم بسته,,شب اول بسته؛ شب دوم بسته,26,0.839,5,5.4,db_est,0.93,1,0,0,active
3295889,کلبه چوبی در بابلکنار - ممرزکن,main,ممرزکن,1,47,1,2,4,4.9,21,0,0,1,0,0,1,1,395000,,شب اول بسته؛ شب دوم بسته,,شب اول بسته؛ شب دوم بسته,14,0.452,20,5.2,db_est,3.85,1,0,0,active
3296004,کلبه سوئیسی در بابلکنار - آزارسی,main,بابلکنار,0,80,1,3,6,4.8,3,0,0,1,0,0,0,1,250000,4980000,استخراج شد,6580000,استخراج شد,1,0.032,0,5.4,db_est,0.0,0,0,0,active
3296137,کلبه سوئیسی در بابلکنار - شاهرضا گاوزن محله,main,بابلکنار,0,72,1,4,6,4.8,6,0,0,1,0,0,1,1,500000,6000000,استخراج شد,7600000,استخراج شد,3,0.097,10,4.9,db_est,2.04,1,0,0,active
3297329,کلبه چوبی با وان جکوزی در کبریاکلا,main,کبریاکلا,1,115,1,2,4,3.0,1,1,0,1,0,0,0,1,950000,7600000,استخراج شد,13000000,استخراج شد,1,0.032,0,1.2,host_member,0.0,0,0,0,active
3297585,کلبه سوئیسی در بابلکنار - سیدکلا,main,سیدکلا,1,100,1,4,5,4.9,13,0,0,1,0,0,1,1,1000000,4800000,استخراج شد,6570000,استخراج شد,7,0.226,20,5.1,db_est,3.92,1,0,1,active
3298314,کلبه سوئیسی استخردار در بابلکنار - کاردرکلا,main,کاردرکلا,1,90,1,3,6,4.8,11,0,1,1,0,0,1,1,700000,,شب اول بسته؛ شب دوم بسته,,شب اول بسته؛ شب دوم بسته,19,0.613,10,5.1,db_est,1.96,1,0,0,active
3298466,کلبه سوئیسی در بابلکنار - سیادرکا - واحد یک,main,سیادرکا,1,80,1,4,4,4.4,3,0,0,0,0,0,0,1,300000,3000000,استخراج شد,7000000,استخراج شد,0,0.0,10,4.9,db_est,2.04,0,0,0,active
3298479,کلبه سوئیسی در بابلکنار - گونه کلا,main,گونه کلا,1,75,2,4,6,4.9,5,0,0,1,0,0,1,1,500000,5400000,استخراج شد,8500000,استخراج شد,1,0.032,5,4.9,db_est,1.02,1,0,0,active
3298554,کلبه چوبی در مرزیکلا - سیادرکا,main,مرزیکلا,1,50,1,2,4,4.8,8,0,0,1,0,0,0,1,500000,,شب اول بسته؛ شب دوم بسته,,شب اول بسته؛ شب دوم بسته,10,0.323,10,4.7,db_est,2.13,1,0,0,active
3298750,کلبه سوئیسی جکوزی دار در بابلکنار - شیردارکلا,main,شیردارکلا,1,70,1,4,6,4.7,6,1,0,1,0,0,1,1,40000,7060000,استخراج شد,8000000,استخراج شد,1,0.032,10,4.8,db_est,2.08,1,0,1,active
3298791,کلبه سوئیسی در بابلکنار - سیادرکا - واحد ۲,main,سیادرکا,1,60,0,2,4,4.4,6,0,0,0,0,0,0,1,300000,2600000,استخراج شد,6000000,استخراج شد,0,0.0,10,4.9,db_est,2.04,0,0,0,active
3298804,کلبه سوئیسی در بابلکنار - کلاریکلا,main,کلاریکلا,1,60,1,2,5,5.0,14,0,0,1,0,0,1,1,500000,6000000,استخراج شد,6700000,استخراج شد,1,0.032,20,4.0,db_est,5.0,1,0,0,active
3299010,کلبه چوبی با وان جکوزی در بابلکنار - کاردرکلا,main,کاردرکلا,1,80,1,2,4,5.0,2,1,0,1,0,0,0,2,800000,8000000,استخراج شد,10000000,استخراج شد,4,0.129,0,4.9,db_est,0.0,0,0,0,active
3299029,کلبه چوبی در بابلکنار - سیادرکا - واحد ۳,main,سیادرکا,1,50,1,2,3,4.3,3,0,0,0,0,0,0,1,300000,4400000,استخراج شد,6000000,استخراج شد,0,0.0,5,4.9,db_est,1.02,0,0,0,active
3299360,کلبه سوئیسی در بابلکنار - آزارسی,main,بابلکنار,0,50,0,2,5,4.9,6,0,0,1,0,0,0,1,500000,5000000,استخراج شد,5000000,استخراج شد,0,0.0,10,4.7,db_est,2.13,1,0,0,active
3299674,کلبه سوئیسی جکوزی دار در بابلکنار - رییس کلا,main,بابلکنار,0,80,1,2,4,,0,1,0,0,0,0,1,1,700000,10000000,استخراج شد,,شب اول بسته؛ شب دوم بسته,8,0.258,0,1.1,host_member,0.0,0,1,0,active
3299911,ویلا دوبلکس استخردار با طراحی چوبی در چهره,main,چهره,1,90,1,4,6,5.0,6,0,1,1,0,0,0,1,1000000,13000000,استخراج شد,15400000,استخراج شد,4,0.129,10,1.9,db_est,5.26,1,0,0,active
3299964,کلبه سوئیسی جکوزی دار در بابلکنار - کاردرکلا,main,کاردرکلا,1,40,1,2,4,4.5,4,1,0,1,0,0,1,1,600000,8000000,استخراج شد,8000000,استخراج شد,2,0.065,5,3.2,db_est,1.56,0,0,0,active
3300314,خانه دوبلکس استخردار در بابلکنار - شیردارکلا,main,شیردارکلا,1,60,2,4,6,4.2,7,0,1,1,0,0,1,1,200000,7000000,استخراج شد,15000000,استخراج شد,0,0.0,10,4.5,db_est,2.22,0,0,0,inactive
3300600,کلبه چوبی در درازکلا بابلکنار - هلیخال,main,درازکلا,1,30,1,2,2,4.0,7,0,0,0,0,0,0,1,0,3600000,استخراج شد,3850000,استخراج شد,1,0.032,20,4.4,db_est,4.55,0,0,0,active
3301189,کلبه سوئیسی در بابلکنار - هلی خال,main,بابلکنار,0,80,1,3,6,5.0,1,0,0,1,0,0,0,1,350000,5600000,استخراج شد,7000000,استخراج شد,0,0.0,0,4.1,db_est,0.0,0,0,0,active
3302909,کلبه سوئیسی در درازکلا - ویارسره,main,درازکلا,1,70,2,4,6,4.8,5,0,0,1,0,0,0,1,300000,5000000,استخراج شد,6000000,استخراج شد,0,0.0,5,3.6,db_est,1.39,0,0,0,active
3303922,کلبه سوئیسی در بابلکنار - هلی خال,main,بابلکنار,0,60,1,2,4,5.0,3,0,0,0,0,0,0,1,450000,,شب اول بسته؛ شب دوم بسته,,شب اول بسته؛ شب دوم بسته,15,0.484,5,3.3,db_est,1.52,0,0,0,active
3304015,کلبه سوئیسی با استخر و جکوزی در بابلکنار,main,شیردارکلا,1,180,2,4,6,4.0,8,1,1,1,0,0,0,1,800000,20000000,استخراج شد,20000000,استخراج شد,3,0.097,10,3.3,db_est,3.03,0,0,0,active
3304871,کلبه سوئیسی با ویو جنگلی در کاردرکلا بابلکنار,main,کاردرکلا,1,80,1,2,4,4.9,9,0,0,1,1,0,1,1,600000,7000000,استخراج شد,,شب اول بسته؛ شب دوم بسته,9,0.29,10,3.0,db_est,3.33,1,0,1,active
3305398,کلبه سوئیسی با امکان سوارکاری در مرزیکلا,main,مرزیکلا,1,100,2,4,6,4.8,2,0,0,0,0,0,0,1,600000,7000000,استخراج شد,8000000,استخراج شد,2,0.065,0,2.8,db_est,0.0,0,0,0,active
3305556,کلبه سوئیسی استخردار در بابلکنار - سیدکلا,main,سیدکلا,1,100,2,4,6,,0,0,1,1,0,0,1,1,800000,14000000,استخراج شد,,شب دوم بسته,7,0.226,0,8.7,host_member,0.0,0,1,0,active
3305898,کلبه سوئیسی در بابلکنار - شیردارکلا,main,شیردارکلا,1,75,1,4,4,2.7,1,0,0,1,0,0,0,1,5000000,8000000,استخراج شد,8500000,استخراج شد,0,0.0,0,2.7,db_est,0.0,0,0,0,active
3306471,کلبه سوئیسی در بابلکنار - ممرزکن,main,ممرزکن,1,40,1,2,4,5.0,1,0,0,1,0,0,1,1,500000,7000000,استخراج شد,8000000,استخراج شد,2,0.065,0,2.4,db_est,0.0,0,0,0,active
3306732,کلبه سوئیسی در مرزیکلا - رئیسکلا,main,مرزیکلا,1,65,2,2,4,4.2,1,0,0,1,1,0,1,1,300000,5000000,استخراج شد,5600000,استخراج شد,1,0.032,0,2.0,db_est,0.0,0,0,0,active
3307566,کلبه سوئیسی جکوزی دار در مرزیکلا,main,مرزیکلا,1,75,2,4,6,,0,1,0,1,0,0,1,1,500000,10000000,استخراج شد,14000000,استخراج شد,4,0.129,0,2.1,db_est,0.0,0,0,0,active
3307915,کلبه سوئیسی در بابلکنار - سیاه درکا,main,بابلکنار,0,80,1,4,6,2.8,1,0,0,1,0,0,1,1,600000,8000000,استخراج شد,13500000,استخراج شد,0,0.0,0,45.7,host_member,0.0,0,0,0,active
3308283,کلبه سوئیسی در بابلکنار - ممرزکن,main,ممرزکن,1,70,1,2,6,4.8,3,0,0,1,0,0,0,1,500000,5400000,استخراج شد,7400000,استخراج شد,3,0.097,0,1.9,db_est,0.0,0,0,0,active
3308708,کلبه سوئیسی در بابلکنار - بالف کلا شرقی,main,بالفکلا,1,70,1,4,4,4.6,2,0,0,1,0,0,0,1,500000,6000000,استخراج شد,14000000,استخراج شد,0,0.0,0,1.6,db_est,0.0,0,0,0,inactive
3308856,کلبه شیشه ای با وان جکوزی در بابلکنار - درازکلا,main,درازکلا,1,20,0,2,2,4.8,2,1,0,1,0,0,0,1,350000,,شب دوم بسته,11730000,استخراج شد,3,0.097,0,1.5,db_est,0.0,0,0,0,active
3309125,کلبه سوئیسی با ویو زیبا در بابلکنار - بالف کلا,main,بالف کلا,1,100,2,4,6,4.6,5,0,0,1,0,0,1,1,500000,10000000,استخراج شد,16000000,استخراج شد,0,0.0,5,1.6,host_member,3.12,1,0,0,inactive
3310486,کلبه سوئیسی در بابلکنار - سیدکلا,main,سیدکلا,1,70,2,2,6,,0,0,0,0,0,0,0,1,700000,4800000,استخراج شد,6400000,استخراج شد,4,0.129,0,0.8,host_member,0.0,0,1,0,active
3149749,سوئیت در سیدکلا بابلکنار - همکف,other_villa_rustic,سیدکلا,1,40,0,4,4,4.6,20,0,0,1,0,0,0,1,,,,,,,,20,32.2,db_est,0.62,1,0,1,active
3150936,خانه روستایی جنگلی در بابلکنار - جاجن - ط۲,other_villa_rustic,بابلکنار,0,60,0,2,6,4.1,9,0,0,1,0,0,0,1,,,,,,,,10,36.9,db_est,0.27,0,0,0,active
3156478,رزرو سوئیت جنگلی در بابلکنار - گونه کلا,other_villa_rustic,گونه کلا,1,60,1,2,6,,0,0,0,0,0,0,0,1,,,,,,,,0,64.5,db_est,0.0,0,0,0,active
3157383,ویلا با جکوزی در سوادکوه - شیردارکلا,other_villa_rustic,شیردارکلا,1,260,3,6,15,4.6,25,1,0,0,1,0,1,1,,,,,,,,20,57.8,db_est,0.35,1,0,0,active
3158858,خانه روستایی در بابلکنار - رئیس کلا,other_villa_rustic,رئیسکلا,1,36,1,4,6,4.9,130,0,0,1,0,0,1,1,,,,,,,,200,58.0,db_est,3.45,1,0,0,active
3162698,اجاره خانه روستایی در بابل - درازکلا,other_villa_rustic,درازکلا,1,80,1,4,8,4.6,7,0,0,0,1,0,1,1,,,,,,,,10,54.6,db_est,0.18,0,0,1,active
3168264,رزرو خانه روستایی در لفور سوادکوه - امام کلا,other_villa_rustic,لفور,1,100,1,4,8,4.7,31,0,0,1,0,0,0,1,,,,,,,,50,50.1,first_review,1.0,1,0,0,active
3169804,اجاره ویلا استخردار در بابلکنار,other_villa_rustic,بابلکنار,0,120,2,4,10,4.7,96,0,1,1,0,0,1,1,,,,,,,,100,49.5,db_est,2.02,1,0,0,active
3177219,خانه ویلایی در بابلکنار - درازکلا,other_villa_rustic,درازکلا,1,60,1,2,4,4.5,30,0,0,1,1,0,1,1,,,,,,,,50,47.2,db_est,1.06,0,0,0,active
3178910,ویلا استخردار در بابلکنار - سیدکلا,other_villa_rustic,سیدکلا,1,200,2,6,9,4.8,40,0,1,1,0,0,1,1,,,,,,,,50,46.1,db_est,1.08,1,0,1,active
3180480,اجاره ویلا در پارک جنگلی بزچفت - طبقه همکف,other_villa_rustic,بزچفت,1,95,2,4,7,4.2,5,0,0,1,0,0,0,2,,,,,,,,5,44.0,db_est,0.11,0,0,0,active
3183378,اجاره سوئیت در بابلکنار - مرزیکلا,other_villa_rustic,مرزیکلا,1,50,1,2,6,4.8,117,0,0,1,0,0,0,1,,,,,,,,200,42.9,db_est,4.66,1,0,0,active
3184319,خانه تراس دار در بابلکنار - نزدیک مرزیکلا,other_villa_rustic,مرزیکلا,1,70,0,4,8,4.3,23,0,0,1,0,0,0,1,,,,,,,,20,40.9,db_est,0.49,0,0,0,active
3184681,سوئیت حیاط دار در بابلکنار - درونکلای شرقی,other_villa_rustic,درونکلا,1,70,1,4,6,4.1,6,0,0,1,0,0,1,1,,,,,,,,5,17.8,db_est,0.28,0,0,0,active
3186780,ویلا استخردار در بابلکنار - کاردرکلا,other_villa_rustic,کاردرکلا,1,150,2,4,6,4.6,19,1,1,1,0,0,1,1,,,,,,,,20,28.4,db_est,0.7,1,0,0,active
3187135,ویلا در بابلکنار - شیردارکلا,other_villa_rustic,شیردارکلا,1,130,2,5,8,4.6,18,0,0,1,0,0,1,1,,,,,,,,20,36.2,db_est,0.55,1,0,0,active
3193646,اجاره ویلا در بابلکنار - سیدکلا,other_villa_rustic,سیدکلا,1,84,1,3,6,5.0,8,1,0,1,0,0,0,1,,,,,,,,10,38.7,db_est,0.26,0,0,0,active
3193739,سوئیت دو خوابه در بابلکنار - نزدیک مرزیکلا,other_villa_rustic,مرزیکلا,1,60,2,4,4,5.0,5,0,0,0,0,0,0,1,,,,,,,,5,40.8,db_est,0.12,0,0,0,active
3193912,خانه تراسدار در جاده گنج افروز - درونکلا شرقی,other_villa_rustic,درونکلا,1,100,1,6,7,4.8,26,0,0,1,0,0,0,1,,,,,,,,20,40.5,db_est,0.49,0,0,0,active
3194026,سوئیت حیاط دار بابلکنار - نزدیک مرزیکلا,other_villa_rustic,مرزیکلا,1,80,2,4,4,4.9,3,0,0,0,0,0,0,1,,,,,,,,0,40.7,db_est,0.0,0,0,0,active
3194756,اجاره خانه تراس دار در بابلکنار - کاردرکلا,other_villa_rustic,کاردرکلا,1,120,2,4,10,4.6,40,0,0,1,0,0,1,1,,,,,,,,50,39.1,db_est,1.28,1,0,1,active
3195049,خانه روستایی در بابلکنار - کاردرکلا,other_villa_rustic,کاردرکلا,1,50,0,2,4,4.9,20,0,0,1,0,0,1,1,,,,,,,,20,39.9,db_est,0.5,1,0,1,active
3195053,خانه روستایی دوبلکس در بابلکنار - کاردرکلا,other_villa_rustic,کاردرکلا,1,90,2,4,8,4.5,4,0,0,1,0,0,0,1,,,,,,,,5,28.3,db_est,0.18,0,0,0,active
3195057,خانه ویلایی در لفور - امام کلا,other_villa_rustic,لفور,1,60,1,4,6,4.8,40,0,0,1,0,0,0,1,,,,,,,,50,39.3,first_review,1.27,1,0,1,active
3196488,اجاره خانه ویلایی در بابلکنار - چهره,other_villa_rustic,چهره,1,40,1,4,6,4.9,12,0,0,1,1,0,0,1,,,,,,,,10,39.8,db_est,0.25,0,0,0,active
3197092,خانه تراس دار در بابلکنار - کاردرکلا,other_villa_rustic,کاردرکلا,1,120,2,4,8,4.9,18,0,0,1,0,0,0,1,,,,,,,,20,39.4,db_est,0.51,1,0,0,active
3199105,کلبه چوبی با وان جکوزی در بابلکنار - هلی خال,other_villa_rustic,,0,50,1,2,2,4.8,10,1,0,0,1,0,0,1,,,,,,,,20,38.9,db_est,0.51,0,0,0,active
3200148,اجاره ویلا در بابلکنار - کاردرکلا,other_villa_rustic,کاردرکلا,1,100,1,4,10,4.8,11,0,0,1,0,0,0,1,,,,,,,,10,37.1,db_est,0.27,0,0,0,active
3200222,اجاره ویلا استخردار در بابلکنار - کلاریکلا,other_villa_rustic,کلاریکلا,1,120,1,4,6,4.0,39,0,1,1,0,0,1,1,,,,,,,,50,37.3,db_est,1.34,0,0,0,active
3200473,ویلا در بابل - درازکلا,other_villa_rustic,درازکلا,1,90,1,2,6,4.4,10,0,0,1,0,0,1,1,,,,,,,,10,38.2,db_est,0.26,0,0,0,active
3200572,اجاره سوئیت در بابل - مرزیکلا,other_villa_rustic,مرزیکلا,1,60,1,2,6,4.9,4,0,0,1,0,0,1,1,,,,,,,,5,38.2,db_est,0.13,0,0,0,active
3202125,خانه ویلایی در بابلکنار - نزدیک مرزیکلا,other_villa_rustic,مرزیکلا,1,90,0,2,4,4.9,17,0,0,1,0,0,0,1,,,,,,,,20,37.6,db_est,0.53,0,0,0,active
3202974,ویلا تراس دار در جاده گنج افروز - درونکلا شرقی,other_villa_rustic,درونکلا,1,150,1,6,10,4.9,6,0,0,1,0,0,0,1,,,,,,,,5,37.3,db_est,0.13,0,0,0,active
3205914,اجاره خانه روستایی در بابلکنار - سیادرکا,other_villa_rustic,سیادرکا,1,80,1,3,6,4.9,9,0,0,1,0,0,1,1,,,,,,,,10,35.7,db_est,0.28,0,0,0,active
3209150,خانه ویلایی در بابلکنار - درونکلا شرقی,other_villa_rustic,درونکلا,1,90,2,6,9,4.7,19,0,0,1,0,0,0,1,,,,,,,,20,35.0,db_est,0.57,1,0,0,active
3209639,اجاره سوئیت حیاط دار در بابل - درازکلا,other_villa_rustic,درازکلا,1,70,1,4,6,4.7,16,0,0,1,1,0,1,1,,,,,,,,20,34.6,db_est,0.58,1,0,0,active
3210905,خانه ویلایی در بابلکنار - درازکلا,other_villa_rustic,درازکلا,1,200,1,4,6,4.0,8,0,0,1,0,0,1,1,,,,,,,,10,33.6,db_est,0.3,0,0,0,active
3214789,ویلا در جاده گنج افروز - بالف کلا شرقی - و ۲,other_villa_rustic,بالفکلا,1,80,1,4,8,4.2,21,0,0,1,0,0,1,1,,,,,,,,20,32.2,db_est,0.62,0,0,0,active
3214838,ویلا در جاده گنج افروز - بالف کلا شرقی - و ۱,other_villa_rustic,بالفکلا,1,80,1,4,8,4.2,2,0,0,1,0,0,0,1,,,,,,,,0,32.2,db_est,0.0,0,0,0,active
3214884,خانه ویلایی در بابلکنار - ممرزکن,other_villa_rustic,ممرزکن,1,42,1,2,5,4.9,60,0,0,0,0,0,1,1,,,,,,,,50,32.1,db_est,1.56,1,0,0,active
3215121,اجاره خانه ویلایی در بابلکنار - کلاریکلا,other_villa_rustic,کلاریکلا,1,120,2,4,12,4.6,23,0,0,1,0,0,1,1,,,,,,,,20,31.9,db_est,0.63,1,0,0,active
3219516,ویلا دوبلکس استخردار در بابل- سیدکلا,other_villa_rustic,سیدکلا,1,400,3,6,8,4.9,23,1,1,0,0,0,0,1,,,,,,,,20,30.4,db_est,0.66,1,0,0,active
3221738,خانه ویلایی در بابلکنار - مرزیکلا,other_villa_rustic,مرزیکلا,1,130,1,4,8,5.0,9,0,0,1,0,0,1,1,,,,,,,,10,24.9,db_est,0.4,1,0,0,active
3223863,اجاره ویلا در بابلکنار - کبریاکلا - طبقه سوم,other_villa_rustic,کبریاکلا,1,110,2,4,11,5.0,1,0,0,1,0,0,0,1,,,,,,,,0,28.5,db_est,0.0,0,0,0,active
3224637,خانه مبله در بابلکنار - درونکلا شرقی - همکف,other_villa_rustic,درونکلا,1,100,2,4,10,5.0,11,0,0,1,0,0,0,1,,,,,,,,10,25.8,db_est,0.39,1,0,0,active
3225382,خانه ویلایی جکوزی دار در بابلکنار - بالف کلا,other_villa_rustic,بالفکلا,1,95,1,2,6,4.9,7,1,0,1,0,0,1,1,,,,,,,,10,5.7,db_est,1.75,1,0,0,active
3227770,خانه روستایی در بابلکنار - سیدکلا,other_villa_rustic,سیدکلا,1,120,1,4,6,5.0,20,0,0,1,0,0,1,1,,,,,,,,20,28.2,db_est,0.71,1,0,1,active
3227798,ویلا دوبلکس در بابلکنار - بالفکلای شرقی,other_villa_rustic,بالفکلا,1,140,2,4,8,4.9,7,0,0,1,0,0,1,1,,,,,,,,5,29.2,db_est,0.17,1,0,0,inactive
3227914,اجاره سوئیت جنگلی در بابلکنار - گونه کلا,other_villa_rustic,گونه کلا,1,40,1,4,6,4.7,15,0,0,0,1,0,0,1,,,,,,,,20,27.6,db_est,0.72,1,0,0,active
3228452,خانه مبله در بابلکنار - گونه کلا - طبقه ۲,other_villa_rustic,گونه کلا,1,95,1,4,6,4.7,13,0,0,1,0,0,0,1,,,,,,,,10,29.1,db_est,0.34,1,0,1,active
3229283,خانه ویلایی در بابلکنار - سیادرکا,other_villa_rustic,سیادرکا,1,50,1,2,4,4.7,13,0,0,1,0,0,1,1,,,,,,,,10,26.5,db_est,0.38,0,0,0,active
3230216,ویلا دوبلکس با جکوزی,other_villa_rustic,سیدکلا,1,,,,,,,0,0,0,0,0,0,,,,,,,,,,28.2,db_est,,0,0,0,خطا 404
3230782,خانه روستایی در بابلکنار - درازکلا,other_villa_rustic,درازکلا,1,60,1,2,5,5.0,21,0,0,1,0,0,1,1,,,,,,,,20,27.4,db_est,0.73,1,0,0,active
3231176,خانه روستایی در شیرگاه - فرامرزکلا,other_villa_rustic,فرامرزکلا,1,80,2,4,7,4.3,15,0,0,1,0,0,1,1,,,,,,,,20,15.8,db_est,1.27,0,0,0,active
3232816,خانه روستایی در بابلکنار - سیدکلا,other_villa_rustic,سیدکلا,1,120,2,4,10,5.0,30,0,0,1,0,0,1,1,,,,,,,,50,24.3,db_est,2.06,1,0,1,active
3233229,ویلا دوبلکس در شیرگاه - فرامرزکلا,other_villa_rustic,فرامرزکلا,1,430,3,6,12,4.6,18,0,0,1,1,0,1,2,,,,,,,,20,27.6,db_est,0.72,1,0,0,active
3234025,ویلا جنگلی در بابلکنار - جاده هفت آبشار,other_villa_rustic,بابلکنار,0,60,1,2,4,4.9,61,0,0,1,1,0,1,1,,,,,,,,50,27.2,db_est,1.84,1,0,1,active
3234201,خانه ویلایی در شیرگاه - فرامرزکلا - همکف,other_villa_rustic,فرامرزکلا,1,70,1,4,6,5.0,2,0,0,1,0,0,0,1,,,,,,,,0,27.4,db_est,0.0,0,0,0,active
3235589,سوئیت در بابلکنار - سیادرکا,other_villa_rustic,سیادرکا,1,60,1,2,5,4.8,3,0,0,1,0,0,0,1,,,,,,,,0,26.9,db_est,0.0,0,0,0,active
3239729,اجاره خانه روستایی در بابلکنار - ریگ چشمه,other_villa_rustic,بابلکنار,0,80,2,3,5,4.7,5,0,0,1,1,0,1,1,,,,,,,,5,25.1,db_est,0.2,0,0,0,active
3239998,خانه مبله در بابلکنار - مرزیکلا - همکف,other_villa_rustic,مرزیکلا,1,90,1,4,6,5.0,1,0,0,1,0,0,0,1,,,,,,,,0,13.2,db_est,0.0,0,0,0,inactive
3241651,رزرو ویلا در بابلکنار - کلاریکلا,other_villa_rustic,کلاریکلا,1,80,2,4,8,5.0,5,0,0,1,0,0,1,1,,,,,,,,5,23.3,db_est,0.21,1,0,0,active
3242462,خانه مبله در بابلکنار - درونکلا شرقی,other_villa_rustic,درونکلا,1,110,1,4,10,4.7,10,0,0,0,1,0,0,1,,,,,,,,20,10.4,db_est,1.92,1,0,0,active
3243143,اجاره خانه ویلایی در بابلکنار - بالفکلا شرقی,other_villa_rustic,بالفکلا,1,100,0,3,6,4.8,13,0,0,0,0,0,0,1,,,,,,,,20,22.6,db_est,0.88,1,0,0,active
3244715,اجاره ویلا دوبلکس در بابلکنار - گونه کلا,other_villa_rustic,گونه کلا,1,170,2,4,8,4.4,21,0,0,1,0,0,1,1,,,,,,,,20,23.6,db_est,0.85,0,0,0,inactive
3245193,اجاره خانه مبله در بابلکنار,other_villa_rustic,بابلکنار,0,90,1,4,8,2.8,1,0,0,1,0,0,1,3,,,,,,,,0,22.4,db_est,0.0,0,0,0,active
3246328,اجاره سوئیت مبله در بابلکنار - درازکش,other_villa_rustic,درازکش,1,20,0,2,2,4.9,25,0,0,1,0,0,0,1,,,,,,,,20,22.9,db_est,0.87,1,0,1,active
3247989,ویلا با چشم انداز کوه در بابلکنار - درازکلا,other_villa_rustic,درازکلا,1,100,1,4,6,4.6,33,0,0,1,1,0,1,1,,,,,,,,20,21.6,db_est,0.93,1,0,0,active
3249572,اجاره ویلا دوبلکس استخردار در بابلکنار - چهره,other_villa_rustic,چهره,1,100,2,4,6,4.7,15,0,1,1,0,0,1,1,,,,,,,,20,21.0,db_est,0.95,1,0,0,active
3249930,ویلا تراس دار در بابلکنار - رئیسکلا,other_villa_rustic,رئیسکلا,1,60,1,4,5,4.9,61,0,0,1,0,0,1,1,,,,,,,,100,20.7,db_est,4.83,1,0,1,active
3251127,اجاره خانه ویلایی در بابلکنار - ممرزکن,other_villa_rustic,ممرزکن,1,100,1,4,6,4.7,7,0,0,0,0,0,0,1,,,,,,,,5,18.2,db_est,0.27,0,0,0,active
3251603,خانه مبله در بابلکنار - چهره - طبقه دوم,other_villa_rustic,چهره,1,120,2,4,10,4.8,43,0,0,0,0,0,0,1,,,,,,,,50,15.0,db_est,3.33,1,0,0,active
3251670,سوئیت مبله در بابلکنار - امام زاده رضا - همکف,other_villa_rustic,بابلکنار,0,80,1,4,10,5.0,10,0,0,1,0,0,1,1,,,,,,,,20,19.8,db_est,1.01,1,0,0,active
3252162,اجاره سوئیت حیاط دار در بابلکنار - درازکلا,other_villa_rustic,درازکلا,1,45,0,4,6,,0,0,0,1,0,1,1,1,,,,,,,,0,16.8,db_est,0.0,0,0,0,inactive
3252194,ویلا دوبلکس با وان جکوزی در بابلکنار - کبریاکلا,other_villa_rustic,کبریاکلا,1,130,2,3,6,5.0,7,1,0,1,0,0,1,1,,,,,,,,5,19.4,db_est,0.26,1,0,0,inactive
3252284,ویلا استخردار در بابلکنار - درونکلا شرقی,other_villa_rustic,درونکلا,1,200,2,5,15,4.5,21,1,1,1,0,0,1,1,,,,,,,,20,19.2,db_est,1.04,0,0,0,active
3257088,اجاره خانه ویلایی در بابلکنار - کلاریکلا,other_villa_rustic,کلاریکلا,1,100,1,4,6,4.8,13,0,0,1,0,0,1,1,,,,,,,,20,17.2,db_est,1.16,1,0,0,active
3258808,خانه ویلایی با وان جکوزی در بابلکنار - درونکلا,other_villa_rustic,درونکلا,1,90,1,2,10,4.4,25,1,0,1,0,0,1,1,,,,,,,,50,16.8,db_est,2.98,0,0,1,active
3260521,اجاره سوئیت مبله در بابلکنار - سیادرکا,other_villa_rustic,سیادرکا,1,50,1,2,5,4.7,18,0,0,1,0,0,0,1,,,,,,,,20,16.7,db_est,1.2,1,0,0,active
3261222,ویلا دوبلکس استخردار در بابلکنار - سیاه درکا,other_villa_rustic,بابلکنار,0,220,3,4,8,4.9,11,0,1,1,0,0,1,1,,,,,,,,10,17.0,db_est,0.59,1,0,0,active
3262853,خانه مبله در بابلکنار - سیدکلا - طبقه دوم,other_villa_rustic,سیدکلا,1,90,2,4,10,4.6,32,0,0,1,0,0,1,1,,,,,,,,50,17.3,db_est,2.89,1,0,0,active
3263343,اجاره سوئیت حیاط دار در بابلکنار - درازکلا,other_villa_rustic,درازکلا,1,60,1,2,5,4.4,10,0,0,1,0,0,1,1,,,,,,,,10,16.8,db_est,0.6,0,0,0,active
3264268,اجاره خانه روستایی در لفور - افراسی,other_villa_rustic,لفور,1,70,1,4,6,4.9,50,0,0,1,0,0,0,1,,,,,,,,50,16.6,host_member,3.01,1,0,1,active
3264785,ویلا دوبلکس در بابلکنار - سیادرکا,other_villa_rustic,سیادرکا,1,70,1,2,6,4.8,17,0,0,0,0,0,0,1,,,,,,,,20,16.6,db_est,1.2,1,0,1,active
3264789,ویلا دوبلکس جکوزی دار در مرزیکلا - سیادرکا,other_villa_rustic,مرزیکلا,1,70,1,2,6,4.7,30,1,0,0,0,0,0,1,,,,,,,,50,16.6,db_est,3.01,1,0,1,active
3266506,ویلا جنگلی با جکوزی در بابلکنار,other_villa_rustic,بابلکنار,0,90,2,4,4,4.9,28,1,0,1,0,0,0,1,,,,,,,,20,14.8,db_est,1.35,1,0,1,active
3267188,اجاره سوئیت بالکن دار در بابلکنار - سیادرکا,other_villa_rustic,سیادرکا,1,50,1,2,4,3.7,2,0,0,1,0,0,0,1,,,,,,,,0,15.8,db_est,0.0,0,0,0,active
3267813,اجاره سوئیت در بابلکنار - تیرکن,other_villa_rustic,تیرکن,1,70,1,5,6,4.7,13,0,0,0,0,0,0,1,,,,,,,,10,15.3,db_est,0.65,0,0,0,active
3268545,اجاره خانه روستایی در بابلکنار - شیردارکلا,other_villa_rustic,شیردارکلا,1,80,1,4,6,4.0,5,0,0,1,0,0,1,1,,,,,,,,5,15.0,db_est,0.33,0,0,0,active
3270478,خانه ویلایی در بابلکنار - درازکلا,other_villa_rustic,درازکلا,1,85,1,4,6,4.3,4,0,0,1,0,0,1,1,,,,,,,,5,14.6,db_est,0.34,0,0,0,active
3270622,خانه ویلایی در بابلکنار - کلاریکلا,other_villa_rustic,کلاریکلا,1,180,1,2,8,4.9,6,0,0,1,0,0,1,1,,,,,,,,10,14.3,db_est,0.7,0,0,0,active
3273512,اجاره خانه مبله در بابلکنار - درازکلا - طبقه۲,other_villa_rustic,درازکلا,1,125,2,2,10,5.0,2,0,0,1,1,0,0,1,,,,,,,,0,13.6,db_est,0.0,0,0,0,active
3274987,اجاره خانه روستایی در بابلکنار - چهره,other_villa_rustic,چهره,1,40,1,2,4,5.0,3,0,0,1,0,0,0,1,,,,,,,,0,12.5,db_est,0.0,0,0,0,active
3275992,خانه ویلایی در بابلکنار - درونکلا شرقی,other_villa_rustic,درونکلا,1,125,2,4,8,5.0,1,0,0,1,0,0,1,1,,,,,,,,0,6.3,db_est,0.0,0,0,0,active
3276165,اجاره خانه مبله در بابلکنار - شیردارکلا - ط ۲,other_villa_rustic,شیردارکلا,1,120,2,4,6,5.0,9,0,0,1,0,0,0,1,,,,,,,,10,12.7,db_est,0.79,1,0,0,active
3276226,اجاره خانه تراس دار در بابلکنار - شیردارکلا - ط ۳,other_villa_rustic,شیردارکلا,1,120,1,4,6,5.0,4,0,0,1,0,0,0,1,,,,,,,,5,12.7,db_est,0.39,0,0,0,active
3276640,اجاره خانه ویلایی در بابلکنار - گونه کلا,other_villa_rustic,گونه کلا,1,130,2,5,8,4.7,11,0,0,1,0,0,1,1,,,,,,,,10,12.5,db_est,0.8,0,0,0,active
3278517,اجاره ویلا دوبلکس در بابلکنار - سیادرکا,other_villa_rustic,سیادرکا,1,80,2,6,8,5.0,1,0,0,1,1,0,0,1,,,,,,,,0,11.9,db_est,0.0,0,0,0,active
3278750,ویلا در بابلکنار - ممرزکن,other_villa_rustic,ممرزکن,1,120,2,6,6,5.0,28,0,0,1,0,0,0,1,,,,,,,,20,11.8,db_est,1.69,1,0,0,active
3279016,ویلا وان جکوزی در بابلکنار - شیردارکلا,other_villa_rustic,شیردارکلا,1,200,2,4,8,4.9,6,1,0,1,0,0,1,1,,,,,,,,5,11.7,db_est,0.43,0,0,0,active
3279752,ویلا دوبلکس استخردار در بابلکنار - مرزیکلا,other_villa_rustic,مرزیکلا,1,150,2,4,15,4.6,3,0,1,1,0,0,1,1,,,,,,,,5,11.5,db_est,0.43,0,0,0,active
3280166,ویلا در بابلکنار - کاردرکلا - ط۲,other_villa_rustic,کاردرکلا,1,124,3,5,10,5.0,19,0,0,1,1,0,1,1,,,,,,,,20,10.1,db_est,1.98,1,0,0,active
3281915,ویلا رو به جنگل در بابلکنار - کاردرکلا,other_villa_rustic,کاردرکلا,1,160,1,3,5,4.9,13,0,0,1,0,0,1,1,,,,,,,,20,10.4,db_est,1.92,1,0,0,active
3283346,خانه مبله در بابلکنار - شیردارکلا - ط ۲,other_villa_rustic,شیردارکلا,1,55,1,2,4,4.5,4,0,0,1,0,0,0,1,,,,,,,,5,10.0,db_est,0.5,0,0,0,active
3284721,هتل آپارتمان در بابلکنار - مرزیکلا - ۳ تخته,other_villa_rustic,مرزیکلا,1,30,0,3,4,4.7,1,0,0,1,0,0,0,1,,,,,,,,0,9.1,db_est,0.0,0,0,0,active
3285416,ویلای استخردار با چشم انداز کوه در بابلکنار,other_villa_rustic,بابلکنار,0,100,2,4,7,4.9,16,0,1,1,0,0,1,1,,,,,,,,20,8.7,db_est,2.3,1,0,0,active
3285545,هتل آپارتمان در بابلکنار - مرزیکلا - ۲ تخته,other_villa_rustic,مرزیکلا,1,20,0,2,3,,0,0,0,1,0,0,0,1,,,,,,,,0,9.1,db_est,0.0,0,0,0,active
3285546,هتل آپارتمان در بابلکنار - مرزیکلا - ۲ تخته دبل,other_villa_rustic,مرزیکلا,1,20,0,2,3,4.2,2,0,0,1,0,0,0,1,,,,,,,,0,9.1,db_est,0.0,0,0,0,active
3286085,ویلای دوبلکس در بابلکنار - چهره,other_villa_rustic,چهره,1,120,2,4,8,5.0,2,0,0,1,0,0,1,1,,,,,,,,0,8.6,db_est,0.0,0,0,0,inactive
3286163,خانه ویلایی با جکوزی در بابلکنار - شیردارکلا,other_villa_rustic,شیردارکلا,1,40,1,2,4,4.6,5,1,0,1,1,0,1,1,,,,,,,,5,8.6,db_est,0.58,0,0,0,inactive
3290172,ویلا دوبلکس بالکن دار در بابلکنار - سیادرکا,other_villa_rustic,سیادرکا,1,120,1,3,5,4.6,7,0,0,1,0,0,1,1,,,,,,,,5,6.5,db_est,0.77,1,0,0,active
3290832,سوئیت دوبلکس در بابلکنار - کاردرکلا,other_villa_rustic,کاردرکلا,1,40,1,3,5,4.8,5,0,0,1,0,0,0,1,,,,,,,,5,6.2,db_est,0.81,1,0,0,inactive
3290929,خانه روستایی در بابلکنار - پوست کلا,other_villa_rustic,بابلکنار,0,80,1,4,8,5.0,5,0,0,1,1,0,1,1,,,,,,,,5,6.3,db_est,0.79,1,0,0,active
3291781,ویلا دوبلکس در بابلکنار - درونکلا شرقی,other_villa_rustic,درونکلا,1,150,2,6,10,4.9,8,0,0,1,0,0,1,1,,,,,,,,10,5.3,db_est,1.89,1,0,0,active
3294040,ویلا با چشم انداز زیبا در بابلکنار - سیدکلا,other_villa_rustic,سیدکلا,1,100,1,2,6,4.9,20,0,0,1,0,0,1,1,,,,,,,,20,5.6,db_est,3.57,1,0,1,active
3295822,خانه ویلایی در بابلکنار - بالف کلای شرقی,other_villa_rustic,بالفکلا,1,50,1,2,6,5.0,2,0,0,1,0,0,1,1,,,,,,,,0,5.1,db_est,0.0,0,0,0,active
3296959,خانه ویلایی در مرزیکلا,other_villa_rustic,مرزیکلا,1,75,1,5,8,5.0,7,0,0,1,0,0,1,1,,,,,,,,10,5.0,db_est,2.0,1,0,0,suspend
3297069,سوئیت در بابلکنار - سیادرکا - همکف,other_villa_rustic,سیادرکا,1,70,1,3,4,,0,0,0,1,0,0,0,1,,,,,,,,0,5.1,db_est,0.0,0,0,0,active
3297115,خانه ویلایی در بابلکنار - گونه کلا,other_villa_rustic,گونه کلا,1,140,1,4,6,5.0,3,0,0,1,0,0,0,1,,,,,,,,0,5.2,db_est,0.0,0,0,0,active
3297938,خانه ویلایی در بابلکنار - بالف کلا شرقی - ط دوم,other_villa_rustic,بالفکلا,1,120,1,4,7,,0,0,0,1,0,0,1,1,,,,,,,,0,5.1,db_est,0.0,0,0,0,active
3299045,ویلا با جکوزی در بابلکنار - سیدکلا,other_villa_rustic,سیدکلا,1,100,2,4,10,5.0,1,1,1,1,0,0,0,1,,,,,,,,0,4.9,db_est,0.0,0,0,0,active
3300669,خانه ویلایی بالکن دار در شیرگاه - فرامرزکلا,other_villa_rustic,فرامرزکلا,1,140,2,4,9,5.0,1,0,0,1,0,0,1,1,,,,,,,,0,4.4,db_est,0.0,0,0,0,active
3301686,خانه روستایی در بابلکنار - درازکلا,other_villa_rustic,درازکلا,1,70,1,4,7,4.8,3,0,0,1,0,0,1,1,,,,,,,,5,2.0,db_est,2.5,0,0,0,active
3302232,ویلا دوبلکس در بابلکنار - سیدکلا,other_villa_rustic,سیدکلا,1,150,1,4,8,4.9,5,0,0,1,0,0,1,1,,,,,,,,5,3.7,db_est,1.35,0,0,0,active
3302942,خانه ویلایی در بابلکنار - سیادرکا,other_villa_rustic,سیادرکا,1,75,1,5,8,4.9,2,0,0,1,0,0,1,1,,,,,,,,0,3.3,db_est,0.0,0,0,0,active
3303165,سوئیت مبله در مرزیکلا - همکف,other_villa_rustic,مرزیکلا,1,75,1,4,6,4.9,5,0,0,1,0,0,0,1,,,,,,,,10,3.3,db_est,3.03,1,0,1,active
3304115,سوئیت مبله در بابلکنار - امامزاده رضا- ط۳,other_villa_rustic,بابلکنار,0,50,0,4,5,,0,0,0,1,0,0,0,1,,,,,,,,0,3.3,db_est,0.0,0,1,0,active
3304884,سوئیت مبله در بابلکنار - درازکلا - همکف,other_villa_rustic,درازکلا,1,55,0,2,2,3.8,1,0,0,0,0,0,0,1,,,,,,,,0,3.0,db_est,0.0,0,0,0,active
3305385,ویلا با استخر و جکوزی در بابلکنار - انارستان,other_villa_rustic,بابلکنار,0,180,1,3,12,4.4,9,1,1,1,0,0,1,1,,,,,,,,20,2.5,db_est,8.0,0,0,0,active
3306318,ویلا در بابلکنار - درونکلا شرقی,other_villa_rustic,درونکلا,1,80,1,4,6,5.0,1,0,0,1,0,0,1,1,,,,,,,,0,2.5,db_est,0.0,0,0,0,active
3307484,خانه ویلایی در بابلکنار - شیردارکلا,other_villa_rustic,شیردارکلا,1,90,1,4,5,,0,0,0,1,0,0,1,1,,,,,,,,0,2.1,db_est,0.0,0,1,0,active
3307485,خانه ویلایی در بابلکنار - گونه کلا,other_villa_rustic,گونه کلا,1,100,2,4,6,5.0,1,0,0,1,0,0,1,1,,,,,,,,0,1.7,db_est,0.0,0,0,0,active
3308372,خانه ویلایی در بابلکنار - گونه کلا,other_villa_rustic,گونه کلا,1,120,2,4,12,2.7,1,0,0,1,0,0,1,1,,,,,,,,0,1.7,db_est,0.0,0,0,0,active
3180163,اجاره خانه مبله در تهران - نواب,around,,0,50,1,2,2,4.7,67,0,0,0,0,0,1,2,,,,,,,,100,45.1,db_est,2.22,1,0,1,active
3180469,ویلا استخردار چهار خوابه در رودهن - آنتیک,around,,0,450,4,8,25,4.2,11,0,1,1,0,0,1,1,,,,,,,,20,30.0,db_est,0.67,0,0,1,inactive
3192911,ویلا دوبلکس ییلاقی در فشم - امامه بالا,around,,0,150,2,6,6,4.6,14,0,1,1,0,0,1,1,,,,,,,,20,40.3,db_est,0.5,0,0,0,active
3210101,ویلا تریپلکس استخردار در رودهن - ۴ خوابه,around,,0,550,4,8,30,4.7,15,1,1,1,0,0,0,1,,,,,,,,20,29.9,db_est,0.67,1,0,1,active
3214646,ویلا استخردار در رودهن - مهرآباد,around,,0,280,2,8,20,4.2,18,0,1,1,0,0,1,1,,,,,,,,20,31.7,db_est,0.63,0,0,0,active
3216104,ویلا استخردار در شهرک طاووسیه,around,,0,150,4,8,12,4.3,6,1,1,1,0,0,0,1,,,,,,,,5,31.5,db_est,0.16,0,0,0,active
3226312,اجاره ویلا در بابل - پوست کلا,around,,0,120,2,4,15,4.8,7,0,0,1,0,0,1,1,,,,,,,,5,27.7,db_est,0.18,0,0,0,active
